Date,Name,Year,Letterboxd URI,Rating,Rewatch,Tags,Watched Date
2022-12-28,Bullet Train,2022,https://boxd.it/3AWLPT,4,,in theater,2022-08-05
2022-09-21,Interstellar,2014,https://boxd.it/3fc567,4.5,,w/ arjan,2022-09-02
2022-09-11,Moonrise Kingdom,2012,https://boxd.it/3dq3DN,3,,,2022-09-11
2022-09-21,Belfast,2021,https://boxd.it/3fc4lF,3,,,2022-09-12
2022-09-21,"The French Dispatch of the Liberty, Kansas Evening Sun",2021,https://boxd.it/3fc3Kz,4.5,,,2022-09-20
2022-09-23,Drive My Car,2021,https://boxd.it/3fx3zN,4.5,,,2022-09-22
2022-09-23,Little Miss Sunshine,2006,https://boxd.it/3fCohF,3.5,,,2022-09-22
2022-10-31,Barbarian,2022,https://boxd.it/3nHWqN,4.5,,,2022-10-31
2022-11-02,Blue Velvet,1986,https://boxd.it/3o2IeZ,4,,,2022-11-01
2022-11-04,The Grand Budapest Hotel,2014,https://boxd.it/3oxsZ3,4.5,,,2022-11-04
2022-11-14,Top Gun: Maverick,2022,https://boxd.it/3qJO9F,3.5,,"in theater, tate theater",2022-11-13
2022-12-13,Pitch Perfect,2012,https://boxd.it/3wHeTH,3.5,,w/ sam,2022-12-11
2022-12-16,My Neighbor Totoro,1988,https://boxd.it/3xpRrP,4,,,2022-12-16
2022-12-17,Spirited Away,2001,https://boxd.it/3xuU3h,4.5,,,2022-12-16
2022-12-18,The Wind Rises,2013,https://boxd.it/3xSaZd,4.5,,,2022-12-17
2022-12-19,Porco Rosso,1992,https://boxd.it/3yd6bl,3,,,2022-12-19
2022-12-20,Howl's Moving Castle,2004,https://boxd.it/3yija1,4,,,2022-12-19
2022-12-24,Everything Everywhere All at Once,2022,https://boxd.it/3zlVwf,5,,,2022-12-23
2022-12-24,The Disaster Artist,2017,https://boxd.it/3znszt,3,,,2022-12-23
2022-12-25,Eyes Wide Shut,1999,https://boxd.it/3zWmct,4,,,2022-12-25
2022-12-26,"Confess, Fletch",2022,https://boxd.it/3A9ZkH,3,,,2022-12-25
2022-12-26,Sorry to Bother You,2018,https://boxd.it/3AilwB,3.5,,,2022-12-26
2022-12-27,Avatar: The Way of Water,2022,https://boxd.it/3AEgvd,2.5,,in theater,2022-12-26
2023-01-02,Runaway Christmas Bride,2017,https://boxd.it/3CZlCN,0.5,,w/ fam,2023-01-01
2023-01-03,Moon,2009,https://boxd.it/3DcIin,3.5,,,2023-01-02
2023-01-04,The Menu,2022,https://boxd.it/3DNhJv,4,,,2023-01-03
2023-01-04,The Lobster,2015,https://boxd.it/3DSKpJ,4.5,,,2023-01-03
2023-01-05,The Banshees of Inisherin,2022,https://boxd.it/3EcBhV,3.5,,,2023-01-04
2023-01-08,This Place Rules,2022,https://boxd.it/3Fu67l,3,,,2023-01-08
2023-01-09,Gone Girl,2014,https://boxd.it/3FEzPV,4.5,,,2023-01-08
2023-01-12,Glass Onion,2022,https://boxd.it/3GPgbj,3,,,2023-01-11
2023-01-12,Reservoir Dogs,1992,https://boxd.it/3GX9oV,2.5,,,2023-01-12
2023-01-18,The Worst Person in the World,2021,https://boxd.it/3J0aoB,5,,,2023-01-18
2023-01-19,The Florida Project,2017,https://boxd.it/3JgcIF,3.5,,,2023-01-18
2023-01-27,¡Three Amigos!,1986,https://boxd.it/3LDzBh,3,,,2023-01-26
2023-01-29,It Follows,2014,https://boxd.it/3McEFD,2,,,2023-01-27
2023-01-30,Puss in Boots: The Last Wish,2022,https://boxd.it/3MC3cr,4,,"w/ sam, in theater",2023-01-29
2023-05-17,The Breakfast Club,1985,https://boxd.it/4fYvJj,3,,w/ sam,2023-02-01
2023-02-06,Slumdog Millionaire,2008,https://boxd.it/3OYpnD,4,,,2023-02-05
2023-02-07,Thank You for Smoking,2005,https://boxd.it/3Pg7UZ,4,,,2023-02-06
2023-02-09,Birdman or (The Unexpected Virtue of Ignorance),2014,https://boxd.it/3PKGSJ,3.5,,,2023-02-09
2023-02-11,Licorice Pizza,2021,https://boxd.it/3QfrdX,3.5,,,2023-02-11
2023-02-13,The Princess Bride,1987,https://boxd.it/3QIz3z,3,,w/ sam,2023-02-11
2023-02-13,Fire of Love,2022,https://boxd.it/3QPyNl,4,,,2023-02-12
2023-02-14,Memento,2000,https://boxd.it/3R4E7Z,4,,,2023-02-13
2023-02-15,Office Space,1999,https://boxd.it/3R8WHJ,3.5,,,2023-02-14
2023-05-17,About Time,2013,https://boxd.it/4fYt4X,5,Yes,w/ sam,2023-02-14
2023-02-19,All the President's Men,1976,https://boxd.it/3Sqbe1,4.5,,,2023-02-18
2023-02-19,The Prestige,2006,https://boxd.it/3StMU5,4.5,,,2023-02-19
2023-02-21,Liar Liar,1997,https://boxd.it/3T6p1J,3,,,2023-02-21
2023-02-21,The Cable Guy,1996,https://boxd.it/3T7dnv,2,,,2023-02-21
2023-02-23,Swiss Army Man,2016,https://boxd.it/3TCJHf,3,,,2023-02-23
2023-03-10,Elvis,2022,https://boxd.it/3XDMXX,3,Yes,"w/ sam, in theater",2023-02-24
2023-03-07,La La Land,2016,https://boxd.it/3WVMWd,4,Yes,w/ sam,2023-03-06
2023-03-10,Alvin and the Chipmunks,2007,https://boxd.it/3XDQCf,2.5,,w/ sam,2023-03-09
2023-03-11,Aftersun,2022,https://boxd.it/3XS647,5,,w/ sam,2023-03-10
2023-03-13,Nomadland,2020,https://boxd.it/3YGvJJ,2.5,,,2023-03-13
2023-03-14,The Imitation Game,2014,https://boxd.it/3YWr9z,4,,,2023-03-14
2023-03-15,Fantastic Planet,1973,https://boxd.it/3ZcbhT,4,,,2023-03-15
2023-03-16,Marcel the Shell with Shoes On,2021,https://boxd.it/3ZqsGf,4,,w/ sam,2023-03-15
2023-03-18,Superbad,2007,https://boxd.it/3ZVmj7,4,Yes,,2023-03-17
2023-03-19,All Quiet on the Western Front,2022,https://boxd.it/40ee2v,3,,,2023-03-19
2023-03-21,Midsommar,2019,https://boxd.it/40P1ch,4.5,,w/ sam,2023-03-20
2023-03-24,Airplane!,1980,https://boxd.it/41yazz,3.5,,,2023-03-23
2023-03-27,The Fabelmans,2022,https://boxd.it/42mQxZ,4,,"in theater, Tate Theater",2023-03-26
2023-06-17,Everything Everywhere All at Once,2022,https://boxd.it/4nYAfF,5,Yes,"tate theater, in theater",2023-03-26
2023-03-30,Hall Pass,2011,https://boxd.it/438Xo7,2,,w/ sam,2023-03-30
2023-03-31,The Campaign,2012,https://boxd.it/43pkMD,2,,,2023-03-31
2023-04-01,Baby Driver,2017,https://boxd.it/43DpK1,4,,w/ sam,2023-03-31
2023-04-05,Crazy Rich Asians,2018,https://boxd.it/44CwsP,3,,w/ sam,2023-04-03
2023-04-06,Semi-Pro,2008,https://boxd.it/44R6nJ,3,,,2023-04-05
2023-04-09,DodgeBall: A True Underdog Story,2004,https://boxd.it/45RgBP,2.5,,,2023-04-08
2023-04-09,The Maltese Falcon,1941,https://boxd.it/45VE2R,3,,,2023-04-08
2023-04-09,On a Wing and a Prayer,2023,https://boxd.it/45YBiX,2,,w/ fam,2023-04-08
2023-04-10,Westworld,1973,https://boxd.it/46l8oD,3.5,,,2023-04-09
2023-04-11,Wild,2014,https://boxd.it/46CP9F,3,,w/ sam,2023-04-10
2023-04-12,Spotlight,2015,https://boxd.it/46VoSr,4.5,,,2023-04-12
2023-04-18,King Richard,2021,https://boxd.it/48vNIx,3.5,,,2023-04-18
2023-04-21,The Treasure of the Sierra Madre,1948,https://boxd.it/495Twf,4,,,2023-04-20
2023-04-21,Dog Day Afternoon,1975,https://boxd.it/49cmXr,4.5,,,2023-04-21
2023-04-24,One Flew Over the Cuckoo's Nest,1975,https://boxd.it/4a0D8b,5,,book,2023-04-23
2023-04-25,Cabaret,1972,https://boxd.it/4ajc1Z,3.5,,,2023-04-24
2023-04-26,Caddyshack,1980,https://boxd.it/4aANtF,3,,,2023-04-25
2023-04-27,Se7en,1995,https://boxd.it/4aMNGj,4,,,2023-04-26
2023-04-27,Misery,1990,https://boxd.it/4aOCYl,4,,,2023-04-26
2023-05-01,Fargo,1996,https://boxd.it/4bQEeH,3.5,,,2023-04-30
2023-05-01,The Killing of a Sacred Deer,2017,https://boxd.it/4bSIED,4,,,2023-04-30
2023-05-01,Zodiac,2007,https://boxd.it/4bVcAl,4.5,,,2023-04-30
2023-05-02,Robots,2005,https://boxd.it/4cbNm3,3,Yes,,2023-05-01
2023-05-03,Bonnie and Clyde,1967,https://boxd.it/4chpc1,4,,,2023-05-02
2023-05-03,Empire of the Sun,1987,https://boxd.it/4cr23F,2.5,,,2023-05-02
2023-05-04,City Slickers,1991,https://boxd.it/4cGT71,3,,,2023-05-03
2023-05-04,Moneyball,2011,https://boxd.it/4cIM6z,4,,,2023-05-03
2023-05-05,Lady Bird,2017,https://boxd.it/4cQqbD,4.5,,,2023-05-04
2023-05-05,Portrait of a Lady on Fire,2019,https://boxd.it/4cUxfZ,4,,,2023-05-04
2023-05-08,The Worst Person in the World,2021,https://boxd.it/4dNb2p,5,Yes,,2023-05-07
2023-05-08,Fight Club,1999,https://boxd.it/4dT4BT,4.5,,book,2023-05-08
2023-05-08,Black Swan,2010,https://boxd.it/4dTTrv,4.5,,,2023-05-08
2023-05-09,The Interview,2014,https://boxd.it/4e2NPf,3,,,2023-05-08
2023-05-10,Lincoln,2012,https://boxd.it/4enuxj,2,,,2023-05-09
2023-05-11,(500) Days of Summer,2009,https://boxd.it/4exKDn,4.5,,,2023-05-10
2023-05-11,Whiplash,2014,https://boxd.it/4ezrbD,4,,w/ arjan,2023-05-10
2023-05-12,Nope,2022,https://boxd.it/4eNFCr,4,,,2023-05-11
2023-05-12,Lost in Translation,2003,https://boxd.it/4eO8zh,3.5,,,2023-05-12
2023-05-13,Air,2023,https://boxd.it/4eUQG9,3.5,,,2023-05-12
2023-05-14,Rookie of the Year,1993,https://boxd.it/4f6g5F,3,,,2023-05-13
2023-05-14,61*,2001,https://boxd.it/4f7DqN,3.5,,,2023-05-13
2023-05-15,Emily the Criminal,2022,https://boxd.it/4fwdbR,3,,w/ fam,2023-05-14
2023-05-17,After Hours,1985,https://boxd.it/4fY4qJ,4.5,,,2023-05-16
2023-05-18,Locked In,2017,https://boxd.it/4gbpfj,1.5,,w/ fam,2023-05-17
2023-05-22,Gravity,2013,https://boxd.it/4h6DCP,2.5,,,2023-05-21
2023-05-22,There Will Be Blood,2007,https://boxd.it/4hbjlJ,4,,,2023-05-21
2023-05-23,8½,1963,https://boxd.it/4hqFn3,4,,,2023-05-22
2023-05-24,Guardians of the Galaxy Vol. 3,2023,https://boxd.it/4hGWMr,3.5,,in theater,2023-05-23
2023-05-24,Persona,1966,https://boxd.it/4hHKaR,5,,,2023-05-23
2023-05-25,The Seventh Seal,1957,https://boxd.it/4hUmh1,3.5,,,2023-05-24
2023-05-26,Autumn Sonata,1978,https://boxd.it/4i7z41,5,,,2023-05-25
2023-05-27,M,1931,https://boxd.it/4idYjn,4.5,,,2023-05-26
2023-05-28,A Man Called Otto,2022,https://boxd.it/4iEx53,3,,w/ fam,2023-05-27
2023-05-29,Gone in the Night,2022,https://boxd.it/4iXb83,2,,w/ fam,2023-05-28
2023-05-30,Kidnap,2017,https://boxd.it/4jdH9J,2,,w/ fam,2023-05-29
2023-06-10,The Boss Baby,2017,https://boxd.it/4m73CB,3,,w/ sam,2023-06-09
2023-06-11,Wild Strawberries,1957,https://boxd.it/4mi2mT,4,,,2023-06-10
2023-06-11,Spider-Man: Across the Spider-Verse,2023,https://boxd.it/4mnAG9,4.5,,in theater,2023-06-10
2023-06-11,Tusk,2014,https://boxd.it/4mrs8V,2.5,,,2023-06-11
2023-06-12,The Accountant,2016,https://boxd.it/4mIucJ,3,,w/ fam,2023-06-11
2023-06-13,Moonlight,2016,https://boxd.it/4mZDzh,4,,,2023-06-12
2023-06-15,The Lie,2018,https://boxd.it/4nsNVl,2.5,,w/ fam,2023-06-14
2023-06-17,My Dinner with Andre,1981,https://boxd.it/4o1mqP,4,,,2023-06-17
2023-06-17,2001: A Space Odyssey,1968,https://boxd.it/4o3pd9,3.5,,,2023-06-17
2023-06-18,Reality,2023,https://boxd.it/4oepWP,3,,,2023-06-17
2023-06-18,Fantastic Mr. Fox,2009,https://boxd.it/4oigCp,4.5,Yes,,2023-06-17
2023-06-18,How Do You Measure a Year?,2021,https://boxd.it/4oisqb,1.5,,,2023-06-17
2023-06-18,When We Were Bullies,2021,https://boxd.it/4oiVgf,1,,,2023-06-17
2023-06-19,House of D,2004,https://boxd.it/4oEtNT,2.5,,w/ fam,2023-06-18
2023-06-21,"To Love, Honor and Deceive",1996,https://boxd.it/4pdjrD,2,,w/ fam,2023-06-20
2023-06-22,Zodiac,2007,https://boxd.it/4puoqT,4.5,Yes,w/ fam,2023-06-21
2023-06-22,Bama Rush,2023,https://boxd.it/4pvlA9,1.5,,,2023-06-22
2023-06-28,The Paley Center Salutes The Good Place,2019,https://boxd.it/4rd1ez,,,,2023-06-27
2023-06-29,Dog,2022,https://boxd.it/4rtgb3,2.5,,w/ fam,2023-06-28
2023-07-01,Indiana Jones and the Dial of Destiny,2023,https://boxd.it/4rZvfN,3.5,,in theater,2023-06-30
2023-07-02,Raiders of the Lost Ark,1981,https://boxd.it/4sdQZl,5,Yes,,2023-07-01
2023-07-03,Indiana Jones and the Temple of Doom,1984,https://boxd.it/4syHc7,3.5,Yes,,2023-07-02
2023-07-03,Fatal Flip,2015,https://boxd.it/4sFqLX,1.5,,w/ fam,2023-07-02
2023-07-03,Indiana Jones and the Last Crusade,1989,https://boxd.it/4sHeCX,5,Yes,,2023-07-02
2023-07-04,Indiana Jones and the Kingdom of the Crystal Skull,2008,https://boxd.it/4sXfuH,3,Yes,,2023-07-03
2023-07-04,M3GAN,2022,https://boxd.it/4t03St,3,,w/ sam,2023-07-03
2023-07-05,Knocked Up,2007,https://boxd.it/4tdjcp,2.5,,,2023-07-04
2023-07-05,"I Love You, Man",2009,https://boxd.it/4tjWr1,4,,,2023-07-04
2023-07-09,Juno,2007,https://boxd.it/4ur5Tr,4,,w/ sam,2023-07-08
2023-07-10,Horrible Bosses,2011,https://boxd.it/4uNRfN,3,,,2023-07-09
2023-07-10,Identity Thief,2013,https://boxd.it/4uODFT,1.5,,,2023-07-09
2023-07-11,Hot Rod,2007,https://boxd.it/4v452l,4.5,,,2023-07-10
2023-07-11,Idiocracy,2006,https://boxd.it/4v8sX3,2,,,2023-07-11
2023-07-12,Forgetting Sarah Marshall,2008,https://boxd.it/4vqkUh,3.5,,,2023-07-11
2023-07-13,Trainspotting,1996,https://boxd.it/4vHo2d,4,,,2023-07-12
2023-07-14,Mission: Impossible,1996,https://boxd.it/4vXEWt,3.5,,,2023-07-13
2023-07-14,The Skeleton Twins,2014,https://boxd.it/4vZaoZ,4,,,2023-07-14
2023-07-16,Bros,2022,https://boxd.it/4wpgtt,3.5,,,2023-07-15
2023-07-16,The Truman Show,1998,https://boxd.it/4wrdBX,5,Yes,,2023-07-15
2023-07-17,"I, Tonya",2017,https://boxd.it/4wPiq9,4,,,2023-07-16
2023-07-17,Sound of Freedom,2023,https://boxd.it/4wTllz,2,,"in theater, w/ fam",2023-07-16
2023-07-17,Father of the Bride,1991,https://boxd.it/4wVRXT,3.5,Yes,,2023-07-16
2023-07-18,Father of the Bride Part II,1995,https://boxd.it/4xcxRv,3,,,2023-07-17
2023-07-18,Father of the Bride Part 3 (ish),2020,https://boxd.it/4xd0D3,,,,2023-07-17
2023-07-18,Palm Springs,2020,https://boxd.it/4xfHYR,4.5,,,2023-07-17
2023-07-20,The Lego Batman Movie,2017,https://boxd.it/4xJFDR,3.5,,,2023-07-19
2023-07-20,Popstar: Never Stop Never Stopping,2016,https://boxd.it/4xOZB7,3.5,,,2023-07-19
2023-07-20,Silver Linings Playbook,2012,https://boxd.it/4xSinJ,3.5,,,2023-07-19
2023-07-21,School of Rock,2003,https://boxd.it/4ycUmT,4,Yes,,2023-07-20
2023-07-22,Barbie,2023,https://boxd.it/4yAVjT,4,,in theater,2023-07-21
2023-07-22,Oppenheimer,2023,https://boxd.it/4yHkR9,5,,in theater,2023-07-21
2023-07-23,The Hunger Games,2012,https://boxd.it/4z6C1v,3.5,Yes,,2023-07-22
2023-07-24,The Hunger Games: Catching Fire,2013,https://boxd.it/4zlXrp,3.5,Yes,,2023-07-23
2023-07-24,Barbie,2023,https://boxd.it/4zqzSB,4,Yes,in theater,2023-07-23
2023-07-24,Lady Bird,2017,https://boxd.it/4ztCMn,5,Yes,,2023-07-23
2023-07-24,Dirty Harry,1971,https://boxd.it/4zAF0F,4,,w/ fam,2023-07-23
2023-07-24,The Hunger Games: Mockingjay – Part 1,2014,https://boxd.it/4zC857,2,,,2023-07-23
2023-07-25,The Hunger Games: Mockingjay – Part 2,2015,https://boxd.it/4A0fs1,2,,,2023-07-24
2023-07-25,"Crazy, Stupid, Love.",2011,https://boxd.it/4A1DbF,3,,,2023-07-24
2023-07-25,Clueless,1995,https://boxd.it/4A4jPB,4,,,2023-07-24
2023-07-26,Magnum Force,1973,https://boxd.it/4AsBff,3.5,,w/ fam,2023-07-25
2023-07-27,Frances Ha,2012,https://boxd.it/4AN74X,5,,,2023-07-26
2023-07-28,Misery,1990,https://boxd.it/4BbYZl,4,Yes,w/ fam,2023-07-27
2023-07-28,Election,1999,https://boxd.it/4Bd4V7,3.5,,,2023-07-27
2023-07-29,Kicking and Screaming,1995,https://boxd.it/4BtzFL,3,,,2023-07-28
2023-07-30,Easy A,2010,https://boxd.it/4BLwfr,3,,,2023-07-29
2023-07-30,Marriage Story,2019,https://boxd.it/4BOUlT,4.5,,,2023-07-29
2023-07-30,No Country for Old Men,2007,https://boxd.it/4BXGkb,4.5,Yes,"w/ fam, book",2023-07-29
2023-07-30,This Is the End,2013,https://boxd.it/4BYA3v,3,,,2023-07-29
2023-07-31,Kicking & Screaming,2005,https://boxd.it/4Ces0Z,2.5,,,2023-07-30
2023-07-31,The Meyerowitz Stories (New and Selected),2017,https://boxd.it/4ChsTB,4,,,2023-07-30
2023-07-31,Indiana Jones and the Last Crusade,1989,https://boxd.it/4Cpt8H,5,Yes,w/ fam,2023-07-30
2023-07-31,Battle Royale,2000,https://boxd.it/4CrnUz,3.5,,,2023-07-30
2023-08-02,The Squid and the Whale,2005,https://boxd.it/4D7rT5,4.5,,,2023-08-01
2023-08-03,Sudden Impact,1983,https://boxd.it/4Ds9I1,2.5,,w/ fam,2023-08-02
2023-08-05,Greenberg,2010,https://boxd.it/4E2ght,3.5,,,2023-08-04
2023-08-05,Fargo,1996,https://boxd.it/4E3Qqj,4.5,Yes,w/ fam,2023-08-04
2023-08-06,Nightcrawler,2014,https://boxd.it/4Erpvp,4,Yes,w/ fam,2023-08-05
2023-08-10,Blade Runner 2049,2017,https://boxd.it/4FOLFh,3.5,,w/ arjan,2023-08-09
2023-08-12,Tenacious D in The Pick of Destiny,2006,https://boxd.it/4Gql3R,3.5,,,2023-08-11
2023-08-13,House,1977,https://boxd.it/4Gzjuf,3.5,,,2023-08-12
2023-08-13,The Passion of Joan of Arc,1928,https://boxd.it/4GLZLL,3.5,,,2023-08-12
2023-08-13,A Trip to the Moon,1902,https://boxd.it/4GMjLL,,,,2023-08-13
2023-08-18,Gone Girl,2014,https://boxd.it/4ImnIn,4.5,Yes,book,2023-08-17
2023-08-21,Borat: Cultural Learnings of America for Make Benefit Glorious Nation of Kazakhstan,2006,https://boxd.it/4JmN77,4,Yes,,2023-08-20
2023-08-22,Stalker,1979,https://boxd.it/4JGQpN,4,,,2023-08-21
2023-08-25,Borat Subsequent Moviefilm: Delivery of Prodigious Bribe to American Regime for Make Benefit Once Glorious Nation of Kazakhstan,2020,https://boxd.it/4KwakF,3,Yes,,2023-08-24
2023-08-28,Gran Turismo,2023,https://boxd.it/4Lw4Lp,3,,in theater,2023-08-27
2023-08-29,Lockdown: 2025,2021,https://boxd.it/4LPJbl,1,,,2023-08-28
2023-09-11,Whiplash,2013,https://boxd.it/4PH2Mj,,,,2023-09-11
2023-09-13,Kurt Vonnegut: Unstuck in Time,2021,https://boxd.it/4Qcj5N,,,book,2023-09-12
2023-09-14,The Master,2012,https://boxd.it/4QshSl,4,,,2023-09-13
2023-09-17,The Menu,2022,https://boxd.it/4RhnWP,4,Yes,w/ sam,2023-09-16
2023-09-18,Theater Camp,2023,https://boxd.it/4RrG2h,4.5,,,2023-09-17
2023-09-26,Shiva Baby,2020,https://boxd.it/4TStEz,4,,,2023-09-26
2023-09-26,Shiva Baby,2018,https://boxd.it/4TSzkP,,,,2023-09-26
2023-09-26,Void,2017,https://boxd.it/4TSCov,,,,2023-09-26
2023-09-27,Joe Dirt,2001,https://boxd.it/4U7N1x,2.5,,,2023-09-26
2023-09-27,Blood Simple,1984,https://boxd.it/4U9bMT,4.5,,,2023-09-26
2023-09-28,Cocaine Bear,2023,https://boxd.it/4UmSZn,2,,w/ sam,2023-09-27
2023-09-30,Doodlebug,1997,https://boxd.it/4ULKo9,,,,2023-09-29
2023-09-30,Tarantella,1989,https://boxd.it/4ULMcJ,,,,2023-09-29
2023-10-01,Frances Ha,2012,https://boxd.it/4VihVJ,5,Yes,w/ sam,2023-09-30
2023-10-02,Scary Movie,2000,https://boxd.it/4VL0Q1,3,,,2023-10-01
2023-10-04,Teen Wolf,1985,https://boxd.it/4Wpr23,2,,,2023-10-03
2023-10-05,Coraline,2009,https://boxd.it/4WHjT5,4,Yes,w/ sam,2023-10-04
2023-10-10,Saw,2004,https://boxd.it/4Yoodj,3.5,,,2023-10-09
2023-10-11,Saw II,2005,https://boxd.it/4YLj8J,3,,,2023-10-10
2023-10-12,Jennifer's Body,2009,https://boxd.it/4Z2udz,3,,w/ sam,2023-10-11
2023-10-13,Get Out,2017,https://boxd.it/4Zi3Z9,4.5,,w/ sam,2023-10-12
2023-10-14,Trump vs the Illuminati,2020,https://boxd.it/4Zw94h,0.5,,,2023-10-13
2023-10-16,Renfield,2023,https://boxd.it/50qBBP,3,,,2023-10-15
2023-10-17,Totally Killer,2023,https://boxd.it/50I7E1,2.5,,,2023-10-16
2023-10-19,Suspiria,1977,https://boxd.it/51hnQx,4.5,,,2023-10-18
2023-10-20,Fanny and Alexander,1982,https://boxd.it/51pZpb,4.5,,,2023-10-19
2023-10-23,Killers of the Flower Moon,2023,https://boxd.it/52D1QD,4,,"in theater, book",2023-10-22
2023-10-24,It,2017,https://boxd.it/52Uwg1,3,,,2023-10-23
2023-10-24,It Chapter Two,2019,https://boxd.it/52Xqbv,3,,,2023-10-23
2023-10-26,Peter & the Wolf,2023,https://boxd.it/53wxpf,,,,2023-10-25
2023-10-26,Beetlejuice,1988,https://boxd.it/53xyvF,3.5,,,2023-10-25
2023-10-27,The Shining,1980,https://boxd.it/53Evut,5,,,2023-10-26
2023-10-27,Lucy,2014,https://boxd.it/53PqN3,1.5,,w/ sam,2023-10-26
2023-10-28,Five Nights at Freddy's,2023,https://boxd.it/547bBR,2.5,,in theater,2023-10-27
2023-10-28,The Nice Guys,2016,https://boxd.it/54cKLn,4,Yes,,2023-10-27
2023-10-28,Sherlock Jr.,1924,https://boxd.it/54dI9X,5,,,2023-10-27
2023-10-29,Ex Machina,2015,https://boxd.it/54B2Lj,4.5,,,2023-10-28
2023-10-30,Midnight in Paris,2011,https://boxd.it/54JQLp,4.5,,,2023-10-29
2023-10-30,Raising Arizona,1987,https://boxd.it/553bx7,3.5,,,2023-10-29
2023-10-31,Hereditary,2018,https://boxd.it/55mimD,3.5,,w/ sam,2023-10-30
2023-11-06,The Social Network,2010,https://boxd.it/57wZH3,4.5,Yes,,2023-11-05
2023-11-07,No Hard Feelings,2023,https://boxd.it/57Pl3F,3,,,2023-11-06
2023-11-08,This Is Where I Leave You,2014,https://boxd.it/586SA7,2.5,,,2023-11-07
2023-11-10,BlacKkKlansman,2018,https://boxd.it/58DThB,3.5,,,2023-11-09
2023-11-11,The Holdovers,2023,https://boxd.it/58StxX,5,,in theater,2023-11-10
2023-11-13,The Killer,2023,https://boxd.it/59H2xD,3,,,2023-11-12
2023-11-14,John Mulaney: Baby J,2023,https://boxd.it/59Vl4D,,,,2023-11-13
2023-11-15,Pitch Perfect 2,2015,https://boxd.it/5aflUT,2.5,,w/ sam,2023-11-14
2023-11-16,Frances Ha,2012,https://boxd.it/5ay2pl,5,Yes,,2023-11-15
2023-11-17,The Elephant Whisperers,2022,https://boxd.it/5aMSS3,,,w/ sam,2023-11-16
2023-11-20,"I, Tonya",2017,https://boxd.it/5bTWqP,4.5,Yes,w/ sam,2023-11-19
2023-11-22,Now You See Me,2013,https://boxd.it/5ckypR,3,Yes,,2023-11-20
2023-11-22,Scott Pilgrim Takes Off,2023,https://boxd.it/5cn5er,4.5,,,2023-11-21
2023-11-22,Destined 2: Christmas Once More,2023,https://boxd.it/5ctDmL,2,,w/ fam,2023-11-21
2023-11-22,Scott Pilgrim vs. the World,2010,https://boxd.it/5cvY85,5,Yes,,2023-11-21
2023-11-23,Die Hard,1988,https://boxd.it/5cMoUL,5,Yes,w/ fam,2023-11-22
2023-11-24,"Planes, Trains and Automobiles",1987,https://boxd.it/5d5Kdd,5,Yes,w/ fam,2023-11-23
2023-11-24,Scott Pilgrim Takes Off,2023,https://boxd.it/5d9eml,5,Yes,,2023-11-24
2023-11-25,The Jerk,1979,https://boxd.it/5diSj5,3,,,2023-11-24
2023-11-28,Doctor Who: The Star Beast,2023,https://boxd.it/5eJcBf,,,,2023-11-27
2023-12-01,Twilight,2008,https://boxd.it/5fn2VT,3,,w/ sam,2023-11-29
2023-12-03,Doctor Who: Wild Blue Yonder,2023,https://boxd.it/5g4t07,4,,,2023-12-02
2023-12-04,Oppenheimer,2023,https://boxd.it/5gEnAl,4.5,Yes,"tate theater, in theater, w/ sam",2023-12-03
2023-12-07,The Super Mario Bros. Movie,2023,https://boxd.it/5hy4jx,3,,,2023-12-06
2023-12-07,Saltburn,2023,https://boxd.it/5hBcFR,4,,"in theater, w/ sam",2023-12-06
2023-12-10,Doctor Who: The Giggle,2023,https://boxd.it/5ipEK1,3.5,,,2023-12-09
2023-12-11,Godzilla Minus One,2023,https://boxd.it/5j59xp,4,,in theater,2023-12-10
2023-12-13,Night at the Museum,2006,https://boxd.it/5jyUPD,3,Yes,w/ sam,2023-12-11
2023-12-16,May December,2023,https://boxd.it/5kvRYb,4,,,2023-12-15
2023-12-16,Cross Country Christmas,2020,https://boxd.it/5kGbNx,2.5,,w/ fam,2023-12-15
2023-12-17,Wonka,2023,https://boxd.it/5l39rZ,3,,in theater,2023-12-16
2023-12-18,Minari,2020,https://boxd.it/5lo1ut,4.5,,,2023-12-17
2023-12-18,The Farewell,2019,https://boxd.it/5lxNrb,4,,,2023-12-17
2023-12-19,The Wonderful Story of Henry Sugar,2023,https://boxd.it/5lF5YL,,,,2023-12-17
2023-12-19,Asteroid City,2023,https://boxd.it/5lGwcV,4,,,2023-12-18
2023-12-20,National Lampoon's Christmas Vacation,1989,https://boxd.it/5m2TJR,4,Yes,w/ fam,2023-12-18
2023-12-22,Maestro,2023,https://boxd.it/5n3tUF,3.5,,,2023-12-21
2023-12-23,Vegas Vacation,1997,https://boxd.it/5noqkB,,,w/ fam,2023-12-22
2023-12-23,Journey to Christmas,2023,https://boxd.it/5ns9CB,2,,w/ fam,2023-12-22
2023-12-24,Inside Airport Lost & Found,2022,https://boxd.it/5nSU1z,,,w/ fam,2023-12-23
2023-12-24,Burning,2018,https://boxd.it/5nX1oN,3.5,,,2023-12-23
2023-12-24,Okja,2017,https://boxd.it/5nZheN,4.5,,,2023-12-23
2023-12-25,Elf,2003,https://boxd.it/5og6QF,3.5,Yes,,2023-12-24
2023-12-25,Feast of the Seven Fishes,2019,https://boxd.it/5okYsZ,4,,,2023-12-24
2023-12-25,Rudolph the Red-Nosed Reindeer,1964,https://boxd.it/5onNHZ,,Yes,w/ fam,2023-12-24
2023-12-25,Love Actually,2003,https://boxd.it/5orvZz,3,,,2023-12-24
2023-12-27,Past Lives,2023,https://boxd.it/5pfFJB,5,,on plane,2023-12-26
2023-12-27,Game Night,2018,https://boxd.it/5pfIyV,3.5,,on plane,2023-12-26
2023-12-30,Postcard From Earth,2023,https://boxd.it/5rgUrx,3,,"in theater, w/ fam",2023-12-29
2023-12-31,The Big Short,2015,https://boxd.it/5rJzTt,3.5,,on plane,2023-12-30
2024-01-01,Wildfire: The Legend of the Cherokee Ghost Horse,2023,https://boxd.it/5skKel,,,,2023-12-31
2024-01-03,Mamma Mia!,2008,https://boxd.it/5tPnOV,3,,w/ sam,2024-01-02
2024-01-04,Mamma Mia! Here We Go Again,2018,https://boxd.it/5umWPl,2.5,,w/ sam,2024-01-03
2024-01-06,Percy Jackson & the Olympians: The Lightning Thief,2010,https://boxd.it/5vGcpZ,2,,"w/ sam, book",2024-01-05
2024-01-07,The Color Purple,2023,https://boxd.it/5wfWEr,3.5,,"w/ sam, in theater",2024-01-06
2024-01-07,Doctor Who: The Church on Ruby Road,2023,https://boxd.it/5wudCb,,,w/ sam,2024-01-06
2024-01-15,Saw X,2023,https://boxd.it/5B65Vr,3,,"tate theater, in theater",2024-01-14
2024-01-15,Percy Jackson: Sea of Monsters,2013,https://boxd.it/5BadZz,1.5,,"w/ sam, book",2024-01-14
2024-01-16,BEEF,2023,https://boxd.it/5BzHhd,4,,,2024-01-15
2024-01-16,The Curse,2023,https://boxd.it/5BKnCx,4.5,,,2024-01-15
2024-01-20,Poor Things,2023,https://boxd.it/5DyMop,4,,"w/ sam, in theater",2024-01-19
2024-01-27,Oprah and Quinta Brunson Abbott Elementary,2022,https://boxd.it/5GQrCD,,,tv,2024-01-25
2024-01-27,Scott Pilgrim vs. the World,2010,https://boxd.it/5GKImP,5,Yes,,2024-01-26
2024-01-28,Scott Pilgrim Takes Off,2023,https://boxd.it/5HrGVp,5,Yes,,2024-01-27
2024-01-28,American Fiction,2023,https://boxd.it/5HGekZ,4,,in theater,2024-01-28
2024-01-29,Anatomy of a Fall,2023,https://boxd.it/5IfMJT,4.5,,,2024-01-28
2024-01-30,Scott Pilgrim vs. the World,2010,https://boxd.it/5IsLo7,5,Yes,,2024-01-29
2024-01-31,Rustin,2023,https://boxd.it/5JcFvD,3,,,2024-01-30
2024-02-01,Scott Pilgrim vs. the World,2010,https://boxd.it/5JDcNH,5,Yes,book,2024-01-31
2024-02-04,The Zone of Interest,2023,https://boxd.it/5KYJtV,4.5,,"in theater, cine",2024-02-03
2024-02-06,The Holdovers,2023,https://boxd.it/5LGi7r,4.5,Yes,"in theater, tate theater, w/ sam",2024-02-04
2024-02-07,Past Lives,2023,https://boxd.it/5MofJl,5,Yes,w/ sam,2024-02-06
2024-02-10,Normal People,2020,https://boxd.it/5NkD8J,4,,book,2024-02-09
2024-02-10,Aliens in the Attic,2009,https://boxd.it/5NEkXD,2.5,,w/ sam,2024-02-09
2024-02-18,Fifty Shades of Grey,2015,https://boxd.it/5QY9gZ,2,,w/ sam,2024-02-16
2024-02-18,Fifty Shades Darker,2017,https://boxd.it/5RmIjd,0.5,,w/ sam,2024-02-17
2024-02-23,Fifty Shades Freed,2018,https://boxd.it/5TB9vV,1,,w/ sam,2024-02-22
2024-03-01,Dune: Part Two,2024,https://boxd.it/5WHDwX,4.5,,in theater,2024-02-29
2024-03-03,Priscilla,2023,https://boxd.it/5XNPPj,3.5,,w/ sam,2024-03-02
2024-03-04,Hunt for the Wilderpeople,2016,https://boxd.it/5YpGlZ,4,,w/ sam,2024-03-03
2024-03-08,The Twilight Saga: New Moon,2009,https://boxd.it/607dPD,1.5,,w/ sam,2024-03-06
2024-03-09,Dune,2021,https://boxd.it/60m7OT,4,Yes,,2024-03-08
2024-03-10,Dune,2021,https://boxd.it/61c3PH,4.5,Yes,,2024-03-09
2024-03-31,Her Boyfriend's Secret,2018,https://boxd.it/6aSIIH,1.5,,w/ fam,2024-03-30
2024-04-06,Anyone But You,2023,https://boxd.it/6dH5hn,2,,w/ sam,2024-04-06
2024-04-08,The Iron Claw,2023,https://boxd.it/6eFd2P,4,,"in theater, tate theater",2024-04-07
2024-04-19,Scott Pilgrim vs. the World,2010,https://boxd.it/6iRIyd,5,Yes,book,2024-04-18
2024-04-29,Good Will Hunting,1997,https://boxd.it/6mHNaL,5,Yes,,2024-04-28
2024-05-05,Call Me by Your Name,2017,https://boxd.it/6pAsmp,4,,w/ sam,2024-05-04
2024-05-08,Madame Web,2024,https://boxd.it/6qVkWv,1,,w/ sam,2024-05-07
2024-05-09,Kingdom of Heaven,2005,https://boxd.it/6rixuZ,3,,w/ arjan,2024-05-08
2024-05-11,Glengarry Glen Ross,1992,https://boxd.it/6rO4rh,3.5,,,2024-05-10
2024-05-11,He Knows Your Every Move,2018,https://boxd.it/6rYidj,1.5,,w/ fam,2024-05-10
2024-05-13,The Great Gatsby,2013,https://boxd.it/6sUgIv,3,,book,2024-05-11
2024-05-13,Mommy Meanest,2024,https://boxd.it/6sSkol,2,,w/ fam,2024-05-12
2024-05-14,The Perks of Being a Wallflower,2012,https://boxd.it/6t3IIB,4.5,Yes,book,2024-05-13
2024-05-14,Frances Ha,2012,https://boxd.it/6tdPYB,5,Yes,,2024-05-13
2024-05-14,The Wrong Stepmother,2019,https://boxd.it/6tgjZD,1,,w/ fam,2024-05-13
2024-05-15,The Fundamentals of Caring,2016,https://boxd.it/6tslfr,3,,,2024-05-14
2024-05-15,Lars and the Real Girl,2007,https://boxd.it/6tuM03,4.5,,,2024-05-14
2024-05-15,I Can Make You Love Me,1993,https://boxd.it/6tDwfz,4,,w/ fam,2024-05-14
2024-05-17,Heat,1995,https://boxd.it/6uhjQ3,4.5,,w/ fam,2024-05-16
2024-05-18,The Idea of You,2024,https://boxd.it/6uHsud,1.5,,w/ sam,2024-05-17
2024-05-19,Unfrosted,2024,https://boxd.it/6uWh73,1.5,,,2024-05-18
2024-05-20,Challengers,2024,https://boxd.it/6vvuqx,4,,in theater,2024-05-19
2024-05-23,Bottoms,2023,https://boxd.it/6wv9ML,4.5,,w/ sam,2024-05-21
2024-05-26,The Perks of Being a Wallflower,2012,https://boxd.it/6xYwPZ,4.5,Yes,w/ sam,2024-05-25
2024-05-30,Sixteen Candles,1984,https://boxd.it/6zGYQD,2.5,,w/ sam,2024-05-28
2024-05-30,Heathers,1989,https://boxd.it/6zJzNb,3.5,,,2024-05-29
2024-05-31,Dream Scenario,2023,https://boxd.it/6A7dUd,4.5,,,2024-05-30
2024-06-01,The Garfield Movie,2024,https://boxd.it/6AyNhl,2.5,,in theater,2024-05-31
2024-06-02,Mike Birbiglia: The Old Man and the Pool,2023,https://boxd.it/6APbhV,4,,,2024-05-31
2024-06-02,Turtles All the Way Down,2024,https://boxd.it/6B18qJ,2.5,,,2024-06-01
2024-06-03,"MoviePass, MovieCrash",2024,https://boxd.it/6BdRgj,3,,,2024-06-02
2024-06-03,Mean Girls,2024,https://boxd.it/6Bg3oN,2,,,2024-06-02
2024-06-03,Miller's Girl,2024,https://boxd.it/6BjqCz,1,,,2024-06-02
2024-06-03,Amélie,2001,https://boxd.it/6BoriF,4,,,2024-06-02
2024-06-03,Pretty in Pink,1986,https://boxd.it/6Btiql,2,,,2024-06-02
2024-06-05,Fast Times at Ridgemont High,1982,https://boxd.it/6CePOf,4,,,2024-06-04
2024-06-06,Booksmart,2019,https://boxd.it/6CATD5,3.5,,,2024-06-05
2024-06-07,Clueless,1995,https://boxd.it/6CY5sT,4,Yes,,2024-06-06
2024-06-08,Bad Boys: Ride or Die,2024,https://boxd.it/6Dljuv,3,,in theater,2024-06-07
2024-06-09,Prom Dates,2024,https://boxd.it/6DypUl,3,,,2024-06-08
2024-06-09,Theater Camp,2023,https://boxd.it/6DIkYR,4.5,Yes,,2024-06-08
2024-06-09,10 Things I Hate About You,1999,https://boxd.it/6DNFCR,3,,,2024-06-08
2024-06-10,Hit Man,2023,https://boxd.it/6E0Kit,3.5,,,2024-06-09
2024-06-10,Bad Words,2013,https://boxd.it/6E2S8v,2,,,2024-06-09
2024-06-10,The Fall Guy,2024,https://boxd.it/6Efjw9,4,,in theater,2024-06-09
2024-06-12,Do the Right Thing,1989,https://boxd.it/6F2rq7,5,,,2024-06-11
2024-06-13,Arrival,2016,https://boxd.it/6FoOQr,4.5,,,2024-06-12
2024-06-15,Am I OK?,2022,https://boxd.it/6FUrtt,3,,,2024-06-14
2024-06-15,Animal House,1978,https://boxd.it/6FXATB,3,,,2024-06-14
2024-06-17,Scott Pilgrim vs. the World,2010,https://boxd.it/6GYNV7,5,Yes,,2024-06-16
2024-06-20,I Used to Be Funny,2023,https://boxd.it/6I5OTf,3.5,,,2024-06-19
2024-06-20,Prescription: Murder,1968,https://boxd.it/6I8LrD,4,,,2024-06-19
2024-06-21,Ransom for a Dead Man,1971,https://boxd.it/6Iiv7H,,,,2024-06-20
2024-06-22,Ghostlight,2024,https://boxd.it/6IPqUl,4.5,,in theater,2024-06-21
2024-06-23,Middleditch & Schwartz,2020,https://boxd.it/6J2Mav,,,,2024-06-21
2024-06-23,Singin' in the Rain,1952,https://boxd.it/6J4mHR,5,,,2024-06-22
2024-06-23,The Invention of Lying,2009,https://boxd.it/6Jbk0v,3,,,2024-06-22
2024-06-23,Inside Out 2,2024,https://boxd.it/6JlKah,3,,in theater,2024-06-22
2024-06-24,John Mulaney: New in Town,2012,https://boxd.it/6JKwgl,,Yes,,2024-06-23
2024-06-25,Perfect Days,2023,https://boxd.it/6K6Vvf,4.5,,,2024-06-24
2024-06-26,John Mulaney: The Comeback Kid,2015,https://boxd.it/6KvLjt,,Yes,,2024-06-25
2024-06-27,John Mulaney: Kid Gorgeous at Radio City,2018,https://boxd.it/6KRD03,,Yes,,2024-06-26
2024-06-28,John Mulaney: Baby J,2023,https://boxd.it/6L5oiJ,,Yes,,2024-06-27
2024-06-29,Kinds of Kindness,2024,https://boxd.it/6LBPTr,4,,in theater,2024-06-28
2024-06-30,Thelma,2024,https://boxd.it/6LXPEl,3.5,,in theater,2024-06-29
2024-07-01,Janet Planet,2023,https://boxd.it/6Mpqv5,3.5,,in theater,2024-06-30
2024-07-04,Bodies Bodies Bodies,2022,https://boxd.it/6NJCgZ,4,,w/ sam,2024-07-03
2024-07-06,The Iron Claw,2023,https://boxd.it/6OztSz,4,Yes,w/ sam,2024-07-05
2024-07-07,Hit Man,2023,https://boxd.it/6OXrSZ,3.5,Yes,w/ sam,2024-07-06
2024-07-07,Mean Girls 2,2011,https://boxd.it/6OZkT1,1,,w/ sam,2024-07-06
2024-07-08,Rushmore,1998,https://boxd.it/6PvX9Z,4,,,2024-07-07
2024-07-11,Minions,2015,https://boxd.it/6QOnKd,3,,w/ sam,2024-07-10
2024-07-12,Despicable Me 4,2024,https://boxd.it/6R5u4x,2,,in theater,2024-07-11
2024-07-14,Princess Mononoke,1997,https://boxd.it/6S26U3,5,,in theater,2024-07-13
2024-07-15,Fly Me to the Moon,2024,https://boxd.it/6SDyN9,3,,in theater,2024-07-14
2024-07-16,Ponyo,2008,https://boxd.it/6T7CYb,4,,w/ sam,2024-07-15
2024-07-22,Veeps: Profiles in Insignifcance,2014,https://boxd.it/6VMBld,,,tv,2024-07-21
2024-07-23,Love Lies Bleeding,2024,https://boxd.it/6Wfg49,3,,,2024-07-22
2024-07-28,Twisters,2024,https://boxd.it/6YA39P,3.5,,in theater,2024-07-25
2024-07-28,Twisters,2024,https://boxd.it/6YA3Qz,3.5,Yes,"in theater, w/ sam",2024-07-27
2024-08-04,Garden State,2004,https://boxd.it/71CL3H,4.5,,w/ sam,2024-08-03
2024-08-08,Blood Simple,1984,https://boxd.it/73mNMb,4.5,Yes,w/ fam,2024-08-07
2024-08-16,He's All That,2021,https://boxd.it/76TcYH,0.5,,w/ sam,2024-08-15
2024-08-18,2025: The World Enslaved by a Virus,2021,https://boxd.it/77NbYX,0.5,,w/ sam,2024-08-17
2024-08-19,30 Rock: A One-Time Special,2020,https://boxd.it/78g1FJ,,,tv,2024-08-18
2024-08-19,Challengers,2024,https://boxd.it/78rXqz,4,Yes,"in theater, tate theater",2024-08-18
2024-08-20,Eternal Sunshine of the Spotless Mind,2004,https://boxd.it/78UIbx,4.5,,,2024-08-19
2024-08-20,But I'm a Cheerleader,1999,https://boxd.it/78W92p,3.5,,,2024-08-20
2024-08-21,Tropic Thunder,2008,https://boxd.it/793TCx,3.5,,,2024-08-20
2024-08-21,Trainwreck,2015,https://boxd.it/79lukz,2.5,,,2024-08-20
2024-08-22,Untold: Johnny Football,2023,https://boxd.it/79u8hB,,,carlo,2024-08-21
2024-08-22,St. Vincent,2014,https://boxd.it/79INml,3,,w/ sam,2024-08-21
2024-08-26,Rushmore,1998,https://boxd.it/7bGDfN,4.5,Yes,w/ sam,2024-08-25
2024-08-27,Kiki's Delivery Service,1989,https://boxd.it/7ccHbz,3.5,,,2024-08-26
2024-08-29,Alien: Romulus,2024,https://boxd.it/7cXZED,3.5,,"in theater, cine",2024-08-28
2024-09-01,"nothing, except everything.",2023,https://boxd.it/7emxqH,2.5,,,2024-08-31
2024-09-01,The Cook,2022,https://boxd.it/7emBDF,,,,2024-08-31
2024-09-01,Long Sleeves,,https://boxd.it/7emGhz,,,,2024-08-31
2024-09-01,Alternative Math,2017,https://boxd.it/7emOvf,,,,2024-08-31
2024-09-01,One-Minute Time Machine,2014,https://boxd.it/7emWj7,2.5,,,2024-08-31
2024-09-02,Vampires Suck,2010,https://boxd.it/7eRbK3,2.5,,w/ sam,2024-09-01
2024-09-03,Sing Sing,2023,https://boxd.it/7fjBfr,4.5,,"in theater, cine",2024-09-02
2024-09-04,Employee of the Month,2006,https://boxd.it/7fzwBz,3,,,2024-09-03
2024-09-04,The Girl Next Door,2004,https://boxd.it/7fPvbH,4,,,2024-09-03
2024-09-07,The Band That Wouldn't Die,2009,https://boxd.it/7gNT5D,,Yes,carlo,2024-09-06
2024-09-07,Legally Blonde,2001,https://boxd.it/7h2bHX,3.5,,w/ sam,2024-09-06
2024-09-08,Cocaine Shark,2023,https://boxd.it/7hvDfb,1,,w/ sam,2024-09-07
2024-09-09,LOL,2012,https://boxd.it/7i83S5,2,,,2024-09-08
2024-09-22,CatVideoFest 2024,2024,https://boxd.it/7nK8cz,,,"w/ sam, in theater, cine",2024-09-08
2024-09-09,Pleasantville,1998,https://boxd.it/7iaGSn,3,,,2024-09-09
2024-09-10,The 1936 Olympic Games,2016,https://boxd.it/7ijEqz,,,carlo,2024-09-09
2024-09-10,Bring It On,2000,https://boxd.it/7iow8n,3.5,,,2024-09-09
2024-09-10,DodgeBall: A True Underdog Story,2004,https://boxd.it/7iAeMD,3,Yes,,2024-09-09
2024-09-10,Coach Carter,2005,https://boxd.it/7iCtrT,4,Yes,,2024-09-10
2024-09-11,Mean Girls,2004,https://boxd.it/7iTwzP,4,Yes,,2024-09-10
2024-09-12,College Road Trip,2008,https://boxd.it/7j54iP,3,,,2024-09-11
2024-09-13,Swiped,2018,https://boxd.it/7jHErJ,0.5,,w/ sam,2024-09-12
2024-09-18,Sleepover,2004,https://boxd.it/7m2mwr,2,,,2024-09-17
2024-09-19,Stopping the Steal,2024,https://boxd.it/7msf5b,,,,2024-09-18
2024-09-20,The Visit,2015,https://boxd.it/7mOL3F,3,,w/ sam,2024-09-19
2024-09-21,Civil War,2024,https://boxd.it/7n3zAH,4,,,2024-09-20
2024-09-22,The Martian,2015,https://boxd.it/7nBNbJ,4,,book,2024-09-21
2024-09-22,The Substance,2024,https://boxd.it/7nJFAH,4.5,,"w/ sam, in theater, cine",2024-09-21
2024-09-23,The Intern,2015,https://boxd.it/7nYuix,3,,,2024-09-22
2024-09-24,The Stand: How One Gesture Shook the World,2020,https://boxd.it/7otPBH,,,carlo,2024-09-23
2024-09-24,From Up on Poppy Hill,2011,https://boxd.it/7oIKID,4,,,2024-09-23
2024-09-26,Mistress America,2015,https://boxd.it/7psXqf,4,,,2024-09-25
2024-09-26,The Longshots,2008,https://boxd.it/7puEvf,2,,,2024-09-25
2024-09-27,I Saw the TV Glow,2024,https://boxd.it/7pLVbF,3,,w/ sam,2024-09-26
2024-09-27,The Fall Guy,2024,https://boxd.it/7pORm1,4,Yes,w/ sam,2024-09-26
2024-09-28,Ghostbusters: Frozen Empire,2024,https://boxd.it/7qh1tR,2.5,,w/ sam,2024-09-27
2024-09-29,His Three Daughters,2023,https://boxd.it/7qD5Fr,4,,,2024-09-28
2024-09-29,Uglies,2024,https://boxd.it/7qOgah,1,,,2024-09-28
2024-10-07,21 Jump Street,2012,https://boxd.it/7uhSUH,3,,,2024-10-06
2024-10-07,It's What's Inside,2024,https://boxd.it/7uBzGh,4,,w/ sam,2024-10-06
2024-10-08,Princess Mononoke,1997,https://boxd.it/7vcjoZ,5,Yes,,2024-10-07
2024-10-10,No Place Like Nebraska,2024,https://boxd.it/7vNBHp,,,carlo,2024-10-09
2024-10-10,The Wind Rises,2013,https://boxd.it/7w3N55,4.5,Yes,,2024-10-09
2024-10-11,Castle in the Sky,1986,https://boxd.it/7wr8Xj,4,,,2024-10-10
2024-10-15,Saturday Night,2024,https://boxd.it/7yEu95,4,,"in theater, cine, w/ sam",2024-10-14
2024-10-17,Yun,2020,https://boxd.it/7zmr37,,,,2024-10-16
2024-10-22,Let Them Wear Towels,2013,https://boxd.it/7BZACh,,,carlo,2024-10-21
2024-11-01,Nosferatu,1922,https://boxd.it/7H7gYD,,,"SCAD film fest, in theater",2024-10-31
2024-11-01,The Brutalist,2024,https://boxd.it/7Hpi57,5,,"scad film fest, in theater",2024-10-31
2024-11-02,The invulnerables,2024,https://boxd.it/7HGPid,,,"scad film fest, in theater",2024-11-01
2024-11-02,Yuck!,2024,https://boxd.it/7HGPYN,,,"scad film fest, in theater",2024-11-01
2024-11-03,The Menendez Brothers,2024,https://boxd.it/7Iu2SV,,,w/ sam,2024-11-02
2024-11-08,The Boy and the Heron,2023,https://boxd.it/7KQU5P,4,,,2024-11-07
2024-11-10,Woman of the Hour,2023,https://boxd.it/7LGfdd,2,,w/ sam,2024-11-08
2024-11-11,Anora,2024,https://boxd.it/7MtfB3,4.5,,"in theater, cine",2024-11-10
2024-11-11,Look Back,2024,https://boxd.it/7MA79f,4,,,2024-11-10
2024-11-14,Past Lives,2023,https://boxd.it/7NZ69d,5,Yes,,2024-11-12
2024-11-17,Trap,2024,https://boxd.it/7P9jQj,2.5,,w/ sam,2024-11-16
2024-11-19,"June 17th, 1994",2010,https://boxd.it/7Qp8pd,,,carlo,2024-11-18
2024-11-24,A Real Pain,2024,https://boxd.it/7SUKi5,4.5,,"w/ sam, in theater, cine",2024-11-23
2024-11-26,Holiday Road,2023,https://boxd.it/7U3fCP,2.5,,w/ fam,2024-11-25
2024-11-27,Blue Ridge,2020,https://boxd.it/7UvynZ,2,,w/ fam,2024-11-26
2024-11-28,Killing All My Sisters,2024,https://boxd.it/7UYiPh,1.5,,w/ fam,2024-11-27
2024-11-29,Robot Dreams,2023,https://boxd.it/7Vh0YX,4,,,2024-11-28
2024-11-29,"Planes, Trains and Automobiles",1987,https://boxd.it/7VrCRl,5,Yes,w/ fam,2024-11-28
2024-11-29,Hundreds of Beavers,2022,https://boxd.it/7Vu5Ir,4.5,,,2024-11-28
2024-12-10,It Ends with Us,2024,https://boxd.it/8149gt,1.5,,w/ sam,2024-12-09
2024-12-12,Greener Grass,2019,https://boxd.it/820S7R,3.5,,,2024-12-11
2024-12-13,Plus One,2019,https://boxd.it/82aYxr,3.5,,,2024-12-12
2024-12-13,Wicked,2024,https://boxd.it/82ghf7,4,,in theater,2024-12-12
2024-12-14,Cloverfield,2008,https://boxd.it/82Yc3X,3.5,,,2024-12-13
2024-12-16,Carry-On,2024,https://boxd.it/848161,3.5,,w/ fam,2024-12-15
2024-12-17,Jailbreak: Love on the Run,2024,https://boxd.it/84GiXT,,,w/ fam,2024-12-16
2024-12-20,Rudolph the Red-Nosed Reindeer,1964,https://boxd.it/86aIlF,,Yes,w/ fam,2024-12-19
2024-12-20,Emmet Otter's Jug-Band Christmas,1977,https://boxd.it/86canB,,,w/ fam,2024-12-19
2024-12-20,The Devil Wears Prada,2006,https://boxd.it/86fSeT,4,,,2024-12-19
2024-12-20,Joker: Folie à Deux,2024,https://boxd.it/86gIqd,2,,,2024-12-19
2024-12-21,Maria,2024,https://boxd.it/86tj2B,3,,,2024-12-20
2024-12-21,Project X,2012,https://boxd.it/86ueRV,2.5,,,2024-12-20
2024-12-23,Die Hard,1988,https://boxd.it/88cfgt,5,Yes,w/ fam,2024-12-22
2024-12-24,Coupled Up for Christmas,2023,https://boxd.it/88UE1h,2,,w/ fam,2024-12-23
2024-12-25,National Lampoon's Christmas Vacation,1989,https://boxd.it/89DwXd,4,Yes,w/ fam,2024-12-24
2024-12-26,Santa Camp,2022,https://boxd.it/8ahcWp,,,,2024-12-25
2024-12-26,Die Hard With a Vengeance,1995,https://boxd.it/8avkcH,4,,w/ fam,2024-12-25
2024-12-27,A Complete Unknown,2024,https://boxd.it/8blrZl,3.5,,in theater,2024-12-26
2024-12-29,Joe Pera: Slow & Steady,2023,https://boxd.it/8cCIdB,,,,2024-12-28
2024-12-29,In the Mood for Love,2000,https://boxd.it/8cFHmj,4,,,2024-12-28
2024-12-30,Lethal Seduction,2015,https://boxd.it/8e6YZZ,2.5,,w/ fam,2024-12-29
2024-12-31,If I Can't Have You,2023,https://boxd.it/8f2kQ5,1,,w/ fam,2024-12-30
2024-12-31,Joe Pera Talks You to Sleep,2016,https://boxd.it/8f7xrH,,,,2024-12-30
2025-01-02,Nightbitch,2024,https://boxd.it/8gY7PD,3,,w/ sam,2025-01-01
2025-01-04,Almost Famous,2000,https://boxd.it/8iUzAL,5,,w/ sam,2025-01-03
2025-01-05,Nosferatu,2024,https://boxd.it/8k7a5t,4,,"w/ arjan, cine, in theater",2025-01-04
2025-01-07,Joe Pera Helps You Find the Perfect Christmas Tree,2016,https://boxd.it/8m9iN1,,,,2025-01-06
2025-01-09,Mr. McMahon,2024,https://boxd.it/8o1p11,,,,2025-01-08
2025-01-10,Between the Temples,2024,https://boxd.it/8oN4lF,3.5,,,2025-01-09
2025-01-10,The King of Comedy,1982,https://boxd.it/8p639h,4.5,,,2025-01-09
2025-01-13,Guarding Tess,1994,https://boxd.it/8sj64n,3,,w/ arjan,2025-01-12
2025-01-15,The Graduate,1967,https://boxd.it/8u0n0R,4,,,2025-01-14
2025-01-16,Conclave,2024,https://boxd.it/8ujtu7,4,,,2025-01-15
2025-01-16,The Contestant,2023,https://boxd.it/8uIRSR,3.5,,,2025-01-15
2025-01-18,Life Partners,2014,https://boxd.it/8w39wX,3,,w/ sam,2025-01-17
2025-01-20,Snatch,2000,https://boxd.it/8xW0qP,4,,w/ arjan,2025-01-19
2025-01-22,A Different Man,2024,https://boxd.it/8zrMl5,4,,,2025-01-21
2025-01-23,Mulholland Drive,2001,https://boxd.it/8A9MA3,5,,,2025-01-22
2025-01-24,Emilia Pérez,2024,https://boxd.it/8ATtpR,2.5,,,2025-01-23
2025-01-27,Absurd Encounter with Fear,1967,https://boxd.it/8DnZef,,,,2025-01-26
2025-01-27,Jar Final,2020,https://boxd.it/8Do57J,,,,2025-01-26
2025-01-27,Absurda,2007,https://boxd.it/8DoeFv,,,,2025-01-26
2025-01-27,The Disc of Sorrow Is Installed,2002,https://boxd.it/8DoHoX,,,,2025-01-26
2025-01-29,Eraserhead,1977,https://boxd.it/8ERUBn,3.5,,lynch chronological,2025-01-28
2025-01-30,The Elephant Man,1980,https://boxd.it/8FtxWj,4.5,,lynch chronological,2025-01-29
2025-01-31,Dune,1984,https://boxd.it/8FQ3sT,3,,lynch chronological,2025-01-30
2025-01-31,Blue Velvet,1986,https://boxd.it/8G86NL,4.5,Yes,lynch chronological,2025-01-30
2025-02-01,Wild at Heart,1990,https://boxd.it/8GCusx,4,,lynch chronological,2025-01-31
2025-02-03,Industrial Symphony No. 1: The Dream of the Brokenhearted,1990,https://boxd.it/8I6RUt,,,lynch chronological,2025-02-01
2025-02-03,Twin Peaks: Fire Walk with Me,1992,https://boxd.it/8IdCDL,4.5,Yes,lynch chronological,2025-02-02
2025-02-03,Twin Peaks: The Missing Pieces,2014,https://boxd.it/8Ih3Od,,Yes,lynch chronological,2025-02-02
2025-02-03,Hotel Room,1993,https://boxd.it/8IkiZ7,3.5,,lynch chronological,2025-02-02
2025-02-04,Lost Highway,1997,https://boxd.it/8IGVhx,3.5,,lynch chronological,2025-02-02
2025-02-04,The Straight Story,1999,https://boxd.it/8IQWf3,4,,lynch chronological,2025-02-03
2025-02-04,Mulholland Drive,2001,https://boxd.it/8JcBqD,5,Yes,lynch chronological,2025-02-03
2025-02-05,Inland Empire,2006,https://boxd.it/8JO0Ax,4,,lynch chronological,2025-02-04
2025-02-06,Duran Duran: Unstaged,2011,https://boxd.it/8K1Mpj,,,lynch chronological,2025-02-05
2025-02-06,David Lynch: The Art Life,2016,https://boxd.it/8K1WRH,,,lynch chronological,2025-02-05
2025-02-06,WHAT DID JACK DO?,2017,https://boxd.it/8K2HrV,,,lynch chronological,2025-02-05
2025-02-08,The Brutalist,2024,https://boxd.it/8L7WGl,4.5,Yes,"in theater, cine",2025-02-06
2025-02-10,Mulholland Dr.,1999,https://boxd.it/8N7rtj,,,,2025-02-09
2025-02-11,Scene from a David Lynch DV Project,2005,https://boxd.it/8Nq2Zx,,,,2025-02-10
2025-02-11,DumbLand,2001,https://boxd.it/8NLj9v,,,,2025-02-10
2025-02-11,Eraserhead Stories,2001,https://boxd.it/8NLATl,,,,2025-02-10
2025-02-12,Rabbits,2002,https://boxd.it/8NTBNp,,,,2025-02-11
2025-02-12,Lamp,2003,https://boxd.it/8OjqhJ,,,,2025-02-11
2025-02-12,Lunch With Lynch Drawing,2002,https://boxd.it/8Ojv41,,,,2025-02-11
2025-02-13,Blue Velvet: The Lost Footage,2011,https://boxd.it/8OSi7V,,,,2025-02-12
2025-02-13,More Things That Happened,2007,https://boxd.it/8OTypt,,,,2025-02-12
2025-02-13,Darkened Room,2002,https://boxd.it/8OTO4B,,,,2025-02-12
2025-02-14,Steps,2002,https://boxd.it/8Pq6Wl,,,,2025-02-13
2025-02-14,Industrial Soundscape,2002,https://boxd.it/8PqnyF,,,,2025-02-13
2025-02-14,The Cowboy and the Frenchman,1988,https://boxd.it/8PrdHT,,Yes,,2025-02-13
2025-02-15,Twin Peaks,1989,https://boxd.it/8PBCZt,5,Yes,,2025-02-14
2025-02-15,We Live in Time,2024,https://boxd.it/8PZRC3,3.5,,w/ sam,2025-02-14
2025-02-16,Flow,2024,https://boxd.it/8QNCV5,4,,w/ sam,2025-02-15
2025-02-18,SNL50: The Anniversary Special,2025,https://boxd.it/8RQ2ML,,,,2025-02-16
2025-02-18,Reality+,2014,https://boxd.it/8SfDap,,,,2025-02-17
2025-02-18,Instruments of a Beating Heart,2024,https://boxd.it/8SfKhR,,,,2025-02-18
2025-02-20,Yuki's Sun,1972,https://boxd.it/8TctRV,,,,2025-02-19
2025-02-20,Fallen Leaves,2023,https://boxd.it/8TeHn5,3.5,,,2025-02-19
2025-02-20,Asparagus,1979,https://boxd.it/8TeSEB,,,,2025-02-19
2025-02-24,Blue Velvet,1986,https://boxd.it/8W10oF,4.5,Yes,"cine, in theater",2025-02-23
2025-02-24,My Old Ass,2024,https://boxd.it/8Wgewj,3,,w/ sam,2025-02-23
2025-02-24,Out Yonder — Neighbor Boy,2002,https://boxd.it/8WgOtF,,,,2025-02-23
2025-02-24,Out Yonder — Chicken,2007,https://boxd.it/8WgVAj,,,,2025-02-23
2025-02-24,Out Yonder — Teeth,2003,https://boxd.it/8WgY9P,,,,2025-02-23
2025-02-25,Twin Peaks,1989,https://boxd.it/8WwHol,5,Yes,,2025-02-24
2025-03-01,Lars and the Real Girl,2007,https://boxd.it/8YLr1N,4.5,Yes,w/ sam,2025-02-27
2025-03-02,Nickel Boys,2024,https://boxd.it/8Zj6Xf,4,,"book, on plane",2025-03-01
2025-03-02,Dìdi (弟弟),2024,https://boxd.it/8ZnVkB,4.5,,on plane,2025-03-01
2025-03-02,A Real Pain,2024,https://boxd.it/8ZqtOp,4.5,Yes,on plane,2025-03-01
2025-03-09,Hot Fuzz,2007,https://boxd.it/94gFPz,5,Yes,on plane,2025-03-08
2025-03-11,Twin Peaks: The Return,2017,https://boxd.it/95r6Td,5,Yes,,2025-03-09
2025-03-17,Annie Hall,1977,https://boxd.it/98WbuB,4.5,,,2025-03-16
2025-03-19,Cinema Paradiso,1988,https://boxd.it/9az7y7,5,,,2025-03-18
2025-03-20,National Theatre Live: Fleabag,2019,https://boxd.it/9b3BT5,5,,,2025-03-19
2025-03-20,Long Toast,2020,https://boxd.it/9b4pIB,,,,2025-03-19
2025-03-20,Rhubarb,2020,https://boxd.it/9b4vcV,,,,2025-03-19
2025-03-20,Dirtbag,2022,https://boxd.it/9b4Hyz,,,,2025-03-19
2025-03-21,Anora,2024,https://boxd.it/9bzwjZ,4.5,Yes,w/ sam,2025-03-20
2025-03-22,Mickey 17,2025,https://boxd.it/9c3wNF,4,,"in theater, cine",2025-03-21
2025-03-24,Okja,2017,https://boxd.it/9cZ7qn,4,Yes,,2025-03-22
2025-03-24,Popstar: Never Stop Never Stopping,2016,https://boxd.it/9dcFZd,4,Yes,treadmill,2025-03-23
2025-03-24,Parasite,2019,https://boxd.it/9dtATj,5,Yes,,2025-03-23
2025-03-24,Do the Right Thing,1989,https://boxd.it/9dtJDz,5,Yes,,2025-03-23
2025-03-25,Y Tu Mamá También,2001,https://boxd.it/9dJdkR,4.5,,,2025-03-24
2025-03-25,Memories of Murder,2003,https://boxd.it/9dMxJX,4,,,2025-03-24
2025-04-01,Hot Rod,2007,https://boxd.it/9i1mW3,4.5,Yes,,2025-03-31
2025-04-02,Man of God,2021,https://boxd.it/9iuPfZ,3,,w/ arjan,2025-04-01
2025-04-03,Foe,2023,https://boxd.it/9iDI99,2.5,,"book, treadmill",2025-04-02
2025-04-04,The Worst Person in the World,2021,https://boxd.it/9jsr7d,5,Yes,"criterion, diskinserted",2025-04-03
2025-04-13,Watching the Detectives,2007,https://boxd.it/9ouVzb,3.5,,w/ sam,2025-04-12
2025-04-14,A Minecraft Movie,2025,https://boxd.it/9p1rCP,2,,in theater,2025-04-13
2025-04-18,Winnie the Pooh: Blood and Honey,2023,https://boxd.it/9rl1PL,1,,w/ sam,2025-04-17
2025-04-20,Oklahoma City Bombing: American Terror,2025,https://boxd.it/9sIsoH,,,w/ fam,2025-04-19
2025-04-28,Sinners,2025,https://boxd.it/9xCKtD,4.5,,"in theater, cine",2025-04-27
2025-04-29,One of Them Days,2025,https://boxd.it/9xZxmb,3.5,,treadmill,2025-04-28
2025-05-01,Flushed Away,2006,https://boxd.it/9yXlu3,,,w/ arjan,2025-04-28
2025-05-05,Babygirl,2024,https://boxd.it/9BQ8AF,2,,w/ sam,2025-05-04
2025-05-06,Jerry Maguire,1996,https://boxd.it/9CxOhh,4,,w/ arjan,2025-05-05
2025-05-09,Barnyard,2006,https://boxd.it/9E1q2r,,Yes,,2025-05-09
2025-05-11,Sea Lions of the Galapagos,2025,https://boxd.it/9F645R,,,w/ sam,2025-05-10
2025-05-13,Daddy's Perfect Little Girl,2021,https://boxd.it/9GoWtj,1,,w/ fam,2025-05-12
2025-05-14,Sleeper,2018,https://boxd.it/9GTU9N,1.5,,w/ fam,2025-05-13
2025-05-16,Lady Bird,2017,https://boxd.it/9HD4n1,5,Yes,,2025-05-15
2025-05-16,The Perks of Being a Wallflower,2012,https://boxd.it/9HGIqF,4,Yes,,2025-05-15
2025-05-17,Companion,2025,https://boxd.it/9IrpFZ,3.5,,,2025-05-16
2025-05-18,Thunderbolts*,2025,https://boxd.it/9J10gH,3.5,,in theater,2025-05-17
2025-05-19,Friendship,2024,https://boxd.it/9JHwZ9,3.5,,"in theater, w/ case",2025-05-18
2025-05-20,High Fidelity,2000,https://boxd.it/9KkC5J,3,,book,2025-05-19
2025-05-21,The Price of Glee,2023,https://boxd.it/9KU4xr,0.5,,w/ sam,2025-05-20
2025-05-28,Ten Years Later: The Extended Pied Piper Documentary,2019,https://boxd.it/9PkEot,5,,tv,2025-05-23
2025-05-26,The PriceMaster,2001,https://boxd.it/9O5c0f,5,,w/ case,2025-05-25
2025-05-28,"Black Country, New Road - “Live at Bush Hall”",2023,https://boxd.it/9Pm9WX,5,,,2025-05-27
2025-06-02,Mission: Impossible – The Final Reckoning,2025,https://boxd.it/9SquAN,3.5,,"w/ case, in theater",2025-06-01
2025-06-02,Novocaine,2025,https://boxd.it/9SuGW5,3,,,2025-06-01
2025-06-02,Freaks and Geeks: The Documentary,2018,https://boxd.it/9SyEGR,5,,tv,2025-06-01
2025-06-02,The Royal Tenenbaums,2001,https://boxd.it/9Szh4x,4,,"criterion, diskinserted",2025-06-01
2025-06-03,Punch-Drunk Love,2002,https://boxd.it/9Ta6UL,4.5,,diskinserted,2025-06-02
2025-06-04,Final Destination Bloodlines,2025,https://boxd.it/9TI67n,3,,"in theater, w/ case",2025-06-03
2025-06-05,Juno,2007,https://boxd.it/9UiANZ,4,Yes,diskinserted,2025-06-04
2025-06-06,Karate Kid: Legends,2025,https://boxd.it/9UMHe3,2.5,,in theater,2025-06-05
2025-06-08,The Phoenician Scheme,2025,https://boxd.it/9W3XxD,3.5,,in theater,2025-06-07
2025-06-09,The Phoenician Scheme,2025,https://boxd.it/9WJtoF,4,Yes,in theater,2025-06-08
2025-06-10,Little Miss Sunshine,2006,https://boxd.it/9XprrV,4.5,Yes,diskinserted,2025-06-09
2025-06-12,Past Lives,2023,https://boxd.it/9YznOl,5,Yes,in theater,2025-06-11
2025-06-14,Materialists,2025,https://boxd.it/9ZIhFz,4,,in theater,2025-06-13
2025-06-15,Columbus,2017,https://boxd.it/a01KRd,4.5,,,2025-06-14
2025-06-15,After Yang,2021,https://boxd.it/a03rqr,3.5,,,2025-06-14
2025-06-15,Hoosiers,1986,https://boxd.it/a0uilV,,,w/ fam,2025-06-14
2025-06-17,40 Acres,2024,https://boxd.it/a1PeA9,3.5,,"in theater, screen unseen",2025-06-16
2025-06-22,42,2013,https://boxd.it/a4TT3v,,Yes,on plane,2025-06-21
2025-06-24,Jurassic World Rebirth,2025,https://boxd.it/a6s2oJ,3,,"in theater, screen unseen",2025-06-23
2025-06-27,The Peanut Butter Falcon,2019,https://boxd.it/a8nmh7,3.5,Yes,w/ arjan,2025-06-26
2025-06-28,Bringing Down the House,2003,https://boxd.it/a8YalZ,,Yes,w/ arjan,2025-06-27
2025-06-28,Rain Man,1988,https://boxd.it/a93Wlj,4,Yes,w/ arjan,2025-06-28
2025-06-30,Bride Hard,2025,https://boxd.it/aal3Gh,2,,in theater,2025-06-29
2025-07-08,"Oh, Hi!",2025,https://boxd.it/afUfER,4,,"in theater, screen unseen",2025-07-07
2025-07-10,Morning Glory,2010,https://boxd.it/ahl0b9,3,,,2025-07-09
2025-07-11,Superman,2025,https://boxd.it/ahWG31,4,,"w/ case, in theater",2025-07-10
2025-07-11,Superman,1978,https://boxd.it/ai0O9f,4,,,2025-07-10
2025-07-11,Superman II,1980,https://boxd.it/ai12CP,3,,,2025-07-10
2025-07-12,Superman,2025,https://boxd.it/aiEEQ9,4,Yes,in theater,2025-07-11
2025-07-14,F1,2025,https://boxd.it/akiL0N,4,,in theater,2025-07-13
2025-07-16,Ford v Ferrari,2019,https://boxd.it/alH2Z1,4,,,2025-07-15
2025-07-17,Superman: Red Son,2009,https://boxd.it/amG4Gx,,,,2025-07-16
2025-07-17,All Star Superman,2011,https://boxd.it/amHZiJ,,,,2025-07-16
2025-07-18,Eddington,2025,https://boxd.it/anh4sf,2.5,,in theater,2025-07-17
2025-07-20,Smurfs,2025,https://boxd.it/aoNMFb,1.5,,in theater,2025-07-19
2025-07-21,"Sorry, Baby",2025,https://boxd.it/apC8uJ,4.5,,in theater,2025-07-20
2025-07-22,The Home,2025,https://boxd.it/aqyRHJ,1.5,,"in theater, screen unseen",2025-07-21
2025-07-26,The Fantastic 4: First Steps,2025,https://boxd.it/atI7A5,3,,in theater,2025-07-25
2025-07-28,Tim Dillon: I'm Your Mother,2025,https://boxd.it/avHFdb,,,,2025-07-27
2025-07-29,The Birdcage,1996,https://boxd.it/awviMR,4,,,2025-07-28
2025-07-31,Together,2025,https://boxd.it/axXKK5,4,,,2025-07-30
2025-08-04,Happy Gilmore 2,2025,https://boxd.it/aBqvbf,2.5,,,2025-08-03
2025-08-05,Dazed and Confused,1993,https://boxd.it/aBWTLv,3,,,2025-08-04
2025-08-06,Burn After Reading,2008,https://boxd.it/aCExEl,3.5,,,2025-08-05
2025-08-06,The Umbrellas of Cherbourg,1964,https://boxd.it/aCXI7v,4.5,,,2025-08-05
2025-08-07,The Lego Batman Movie,2017,https://boxd.it/aDB6KJ,3.5,Yes,,2025-08-06
2025-08-08,The Naked Gun: From the Files of Police Squad!,1988,https://boxd.it/aEieXd,3.5,,,2025-08-07
2025-08-09,The Naked Gun 2½: The Smell of Fear,1991,https://boxd.it/aEv4MP,3,,,2025-08-08
2025-08-09,Mulholland Drive,2001,https://boxd.it/aF0bAj,5,Yes,"diskinserted, criterion",2025-08-08
2025-08-09,War of the Worlds,2025,https://boxd.it/aF2NPF,0.5,,,2025-08-08
2025-08-10,Nausicaä of the Valley of the Wind,1984,https://boxd.it/aFsQcD,4,,,2025-08-09
2025-08-10,Whisper of the Heart,1995,https://boxd.it/aFCsMx,4.5,,,2025-08-09
2025-08-10,The Cat Returns,2002,https://boxd.it/aFFHgx,3,,,2025-08-09
2025-08-11,The Secret World of Arrietty,2010,https://boxd.it/aGgRT9,4.5,,,2025-08-10
2025-08-11,When Marnie Was There,2014,https://boxd.it/aGM7MZ,3,,,2025-08-10
2025-08-12,Tales from Earthsea,2006,https://boxd.it/aHvexR,2.5,,,2025-08-11
2025-08-12,Only Yesterday,1991,https://boxd.it/aHy2ez,4.5,,,2025-08-11
2025-08-13,Pom Poko,1994,https://boxd.it/aHUW1F,3,,,2025-08-12
2025-08-13,Earwig and the Witch,2020,https://boxd.it/aI1mCz,1,,,2025-08-12
2025-08-13,My Neighbors the Yamadas,1999,https://boxd.it/aI5oJ1,4,,,2025-08-12
2025-08-14,Ocean Waves,1993,https://boxd.it/aIKc43,2.5,,,2025-08-13
2025-08-14,The Red Turtle,2016,https://boxd.it/aILXyB,3.5,,,2025-08-13
2025-08-14,Death of a Unicorn,2025,https://boxd.it/aIURWb,3,,w/ sam,2025-08-13
2025-08-14,The Tale of The Princess Kaguya,2013,https://boxd.it/aJ1pw9,4.5,,,2025-08-13
2025-08-15,Grave of the Fireflies,1988,https://boxd.it/aJcZ8J,4.5,,,2025-08-14
2025-08-15,Opus,2025,https://boxd.it/aJCVtl,2,,,2025-08-14
2025-08-16,KPop Demon Hunters,2025,https://boxd.it/aK0S7f,3.5,,,2025-08-15
2025-08-16,Kneecap,2024,https://boxd.it/aK3fsz,4,,,2025-08-15
2025-08-16,Weapons,2025,https://boxd.it/aKf909,4,,"in theater, cine, w/ sam",2025-08-15
2025-08-17,Warm Bodies,2013,https://boxd.it/aL5nOV,3,,w/ sam,2025-08-16
2025-08-18,Kiki's Delivery Service,1989,https://boxd.it/aLJJq7,4,Yes,"in theater, cine",2025-08-17
2025-08-18,After Hours,1985,https://boxd.it/aLWNYX,4.5,Yes,"diskinserted, criterion",2025-08-17
2025-08-18,My Neighbor Totoro,1988,https://boxd.it/aM1t6h,4,Yes,,2025-08-17
2025-08-19,Howl's Moving Castle,2004,https://boxd.it/aMJQkz,4,Yes,,2025-08-18
2025-08-20,From Up on Poppy Hill,2011,https://boxd.it/aNsGBZ,3.5,Yes,,2025-08-19
2025-08-21,Castle in the Sky,1986,https://boxd.it/aNXVZJ,4,Yes,,2025-08-20
2025-08-21,Ponyo,2008,https://boxd.it/aO4FfJ,4.5,Yes,,2025-08-20
2025-08-21,Porco Rosso,1992,https://boxd.it/aO9s31,4,Yes,,2025-08-20
2025-08-22,Whisper of the Heart,1995,https://boxd.it/aOn1UZ,4.5,Yes,,2025-08-21
2025-08-22,Only Yesterday,1991,https://boxd.it/aOI5J9,4.5,Yes,,2025-08-21
2025-08-23,Spirited Away,2001,https://boxd.it/aP4UNb,5,Yes,,2025-08-22
2025-08-25,War of the Worlds,2025,https://boxd.it/aQScqr,0.5,Yes,w/ sam,2025-08-22
2025-08-25,The Wind Rises,2013,https://boxd.it/aQUe55,5,Yes,,2025-08-24
2025-08-25,The Tale of The Princess Kaguya,2013,https://boxd.it/aR4oiX,5,Yes,,2025-08-24
2025-08-26,The Boy and the Heron,2023,https://boxd.it/aROMdf,4.5,Yes,,2025-08-25
2025-08-28,Naked Gun 33⅓: The Final Insult,1994,https://boxd.it/aT4nJ7,2,,,2025-08-27
2025-08-29,Princess Mononoke,1997,https://boxd.it/aThK19,5,Yes,,2025-08-28
2025-09-01,Beau Travail,1999,https://boxd.it/aVN3MD,3.5,,,2025-08-31
2025-09-01,The Proposal,2009,https://boxd.it/aVOiYh,3,,,2025-08-31
2025-09-01,Just Friends,2005,https://boxd.it/aVPwPP,1.5,,,2025-08-31
2025-09-01,Friends with Benefits,2011,https://boxd.it/aVQbV5,2,,,2025-08-31
2025-09-02,Honey Don't!,2025,https://boxd.it/aWvwRZ,3,,"in theater, cine, w/ sam",2025-09-01
2025-09-02,EO,2022,https://boxd.it/aWA4nx,4,,,2025-09-01
2025-09-02,Mountainhead,2025,https://boxd.it/aWFGgT,2.5,,,2025-09-01
2025-09-03,The House,2017,https://boxd.it/aWR6HN,2.5,,,2025-09-02
2025-09-03,"Night Is Short, Walk On Girl",2017,https://boxd.it/aXiuBN,4,,,2025-09-02
2025-09-04,Chungking Express,1994,https://boxd.it/aXPaHd,4,,"diskinserted, criterion, wong kar-wednesday",2025-09-03
2025-09-11,Fallen Angels,1995,https://boxd.it/b2iS4t,4,,"diskinserted, criterion, wong kar-wednesday",2025-09-10
2025-09-19,Unknown Number: The High School Catfish,2025,https://boxd.it/b6WuQf,,,w/ sam,2025-09-18
2025-09-21,Get a Job,2016,https://boxd.it/b7Xl3p,2,,w/ sam,2025-09-19
2025-09-26,Superman,2025,https://boxd.it/bb6Sfj,4,Yes,w/ sam,2025-09-25
2025-10-02,Happy Together,1997,https://boxd.it/beQdwR,4.5,,"wong kar-wednesday, diskinserted, criterion",2025-10-01
2025-10-03,Snatched,2017,https://boxd.it/bfpYB5,1.5,,w/ sam,2025-10-02
2025-10-05,Heretic,2024,https://boxd.it/bgJi35,3.5,,w/ sam,2025-10-04
2025-10-06,One Battle After Another,2025,https://boxd.it/bhteOX,4.5,,"w/ sam, in theater, cine",2025-10-05
2025-10-16,Scary Movie 3,2003,https://boxd.it/bnRRLl,,,,2025-10-15
2025-10-20,Spirited Away,2001,https://boxd.it/bqwsT5,5,Yes,"in theater, cine",2025-10-19
2025-10-25,Dinner in America,2020,https://boxd.it/btqkJh,4.5,,,2025-10-24
2025-10-25,Scary Movie 2,2001,https://boxd.it/btEhcR,2,,,2025-10-24
2025-10-25,Taken in Plain Sight,2024,https://boxd.it/btHUWl,1,,w/ fam,2025-10-24
2025-10-27,Let's Start a Cult,2024,https://boxd.it/bvvWmN,3,,,2025-10-26
2025-10-30,Beetlejuice Beetlejuice,2024,https://boxd.it/bxtVvX,3,,w/ sam,2025-10-29
2025-10-31,"Sorry, Baby",2025,https://boxd.it/by6xdX,4.5,Yes,w/ sam,2025-10-30
2025-11-01,Bring Her Back,2025,https://boxd.it/byq8WN,3,,,2025-10-31
2025-11-01,Talk to Me,2022,https://boxd.it/byALWd,3.5,,,2025-10-31
2025-11-02,Beetlejuice,1988,https://boxd.it/bz8DoF,4,Yes,w/ sam,2025-10-31
2025-11-04,Abraham Lincoln: Vampire Hunter,2012,https://boxd.it/bAIDqx,2,,,2025-11-02
2025-11-06,Companion,2025,https://boxd.it/bClWYb,3.5,Yes,w/ sam,2025-11-05
2025-11-09,Lemonade Mouth,2011,https://boxd.it/bErQsN,,,w/ sam,2025-11-07
2025-11-13,House,1977,https://boxd.it/bHfcPF,4,Yes,"diskinserted, criterion",2025-11-12
2025-11-14,Steve,2025,https://boxd.it/bHOqUz,3.5,,,2025-11-13
2025-11-15,Yi Yi,2000,https://boxd.it/bIxVxV,5,,"diskinserted, criterion",2025-11-14
2025-11-17,Frances Ha,2012,https://boxd.it/bKauV9,5,Yes,"diskinserted, criterion",2025-11-16
2025-11-18,Isn't It Romantic,2019,https://boxd.it/bKRJCH,1,,w/ sam,2025-11-17
2025-11-20,Days of Being Wild,1990,https://boxd.it/bM0ReF,3.5,,"wong kar-wednesday, diskinserted, criterion",2025-11-19
2025-11-22,Wicked: For Good,2025,https://boxd.it/bNlA5n,3,,"in theater, cine, w/ sam",2025-11-21
2025-11-26,Train Dreams,2025,https://boxd.it/bQ0yIx,4.5,,,2025-11-25
2025-11-26,The Mask,1994,https://boxd.it/bQ5fhH,3,Yes,,2025-11-25
2025-11-26,Judas and the Black Messiah,2021,https://boxd.it/bQr1p7,4,,,2025-11-25
2025-11-27,Frankenstein,2025,https://boxd.it/bQKSU1,3.5,,,2025-11-26
2025-11-27,"Planes, Trains and Automobiles",1987,https://boxd.it/bQXzL1,5,Yes,w/ fam,2025-11-26
2025-11-28,Die Hard,1988,https://boxd.it/bRuHrp,5,Yes,w/ fam,2025-11-27
2025-11-30,A Christmas Story,1983,https://boxd.it/bSDHzP,3.5,,,2025-11-29
2025-11-30,Ma,2019,https://boxd.it/bT1sqB,2.5,,,2025-11-29
2025-12-01,Lady Bird,2017,https://boxd.it/bTNqCV,5,Yes,diskinserted,2025-11-30
2025-12-02,Sideways,2004,https://boxd.it/bUrmV5,4.5,,diskinserted,2025-12-01
2025-12-08,Garden State,2004,https://boxd.it/bYtXUj,3.5,Yes,diskinserted,2025-12-07
2025-12-09,Non-Stop,2014,https://boxd.it/bZ9asJ,3,,w/ sam,2025-12-08
2025-12-15,Idiocracy,2006,https://boxd.it/c3nWPF,2,Yes,w/ sam,2025-12-12
2025-12-16,Wake Up Dead Man,2025,https://boxd.it/c4815T,4,,w/ sam,2025-12-15
2025-12-16,The Hustle,2019,https://boxd.it/c4mzlz,1,,w/ sam,2025-12-15
2025-12-18,Sentimental Value,2025,https://boxd.it/c5KhdJ,4.5,,on plane,2025-12-17
2025-12-18,Magnolia,1999,https://boxd.it/c6a4WN,4.5,,diskinserted,2025-12-17
2025-12-20,Phantom Thread,2017,https://boxd.it/c7A8az,4,,,2025-12-19
2025-12-20,Left-Handed Girl,2025,https://boxd.it/c7EyRx,3,,,2025-12-19
2025-12-21,Jay Kelly,2025,https://boxd.it/c8tA6b,4,,,2025-12-20
2025-12-22,Creating Christmas,2023,https://boxd.it/cancU3,1.5,,w/ fam,2025-12-21
2025-12-23,DEVO,2024,https://boxd.it/cb3VwJ,,,,2025-12-22
2025-12-23,Shrek the Halls,2007,https://boxd.it/cbmeYX,,,w/ fam,2025-12-22
2025-12-24,A Wisconsin Christmas Pie,2025,https://boxd.it/ccv82P,2,,w/ fam,2025-12-23
2025-12-25,National Lampoon's Christmas Vacation,1989,https://boxd.it/cdzxnb,4,Yes,w/ fam,2025-12-24
2025-12-26,Rudolph the Red-Nosed Reindeer,1964,https://boxd.it/ceHr1D,,Yes,w/ fam,2025-12-24
2025-12-26,Deliverance,1972,https://boxd.it/ceUFZD,4,,w/ fam,2025-12-25
2025-12-27,The Poseidon Adventure,1972,https://boxd.it/cfXpBF,3.5,,w/ fam,2025-12-26
2025-12-28,If Anything Happens I Love You,2020,https://boxd.it/cgtuWR,,,,2025-12-27
2025-12-28,The Only Girl in the Orchestra,2023,https://boxd.it/cgtwdJ,,,,2025-12-27
2025-12-28,Caught Stealing,2025,https://boxd.it/cgF0Sf,3,,,2025-12-27
2025-12-28,Bullitt,1968,https://boxd.it/chblIJ,3,,w/ fam,2025-12-27
2025-12-29,The Towering Inferno,1974,https://boxd.it/ciqWat,3,,w/ fam,2025-12-28
2025-12-29,Mommie Dearest,1981,https://boxd.it/ciD93T,3,,w/ fam,2025-12-28
2025-12-30,Rear Window,1954,https://boxd.it/cj1e7T,4,,,2025-12-29
2025-12-31,Marty Supreme,2025,https://boxd.it/ckZowN,4.5,,"in theater, cine",2025-12-30
2026-01-02,Stranger Things 5: The Finale,2025,https://boxd.it/cmGBkb,,,,2026-01-01
2026-01-03,One Battle After Another,2025,https://boxd.it/co3ZTp,5,Yes,,2026-01-01
2026-01-03,Chinatown,1974,https://boxd.it/cp9MV9,4,,diskinserted,2026-01-02
2026-01-03,Citizen Kane,1941,https://boxd.it/cpgNnr,5,Yes,diskinserted,2026-01-02
2026-01-04,Hamnet,2025,https://boxd.it/cqzlzr,4.5,,"in theater, cine",2026-01-03
2026-01-04,Ne Zha 2,2025,https://boxd.it/cqUSpL,3,,,2026-01-03
2026-01-05,The Naked Gun,2025,https://boxd.it/crEkLb,4,,,2026-01-04
2026-01-05,Ocean's Eleven,2001,https://boxd.it/cs6c6Z,4,Yes,diskinserted,2026-01-04
2026-01-05,The Apartment,1960,https://boxd.it/csxVc3,5,,,2026-01-04
2026-01-06,Some Like It Hot,1959,https://boxd.it/ctn6n9,5,,,2026-01-05
2026-01-06,"Paris, Texas",1984,https://boxd.it/ctFKx5,4.5,,,2026-01-05
2026-01-06,The Hudsucker Proxy,1994,https://boxd.it/ctOYzR,4,,,2026-01-05
2026-01-07,The Big Lebowski,1998,https://boxd.it/cuMwqd,4.5,Yes,diskinserted,2026-01-06
2026-01-07,Fargo,1996,https://boxd.it/cuT6FZ,4.5,Yes,diskinserted,2026-01-06
2026-01-08,Booksmart,2019,https://boxd.it/cvlgBJ,4,Yes,diskinserted,2026-01-07
2026-01-08,"It's a Mad, Mad, Mad, Mad World",1963,https://boxd.it/cvEGqv,3,,,2026-01-07
2026-01-08,Scott Pilgrim vs. the World,2010,https://boxd.it/cvLMBX,5,Yes,diskinserted,2026-01-07
2026-01-08,Scott Pilgrim vs. the World,2010,https://boxd.it/cvZ6VJ,5,Yes,diskinserted,2026-01-07
2026-01-09,Hot Fuzz,2007,https://boxd.it/cwUIf1,4.5,Yes,diskinserted,2026-01-08
2026-01-09,About Time,2013,https://boxd.it/cxhdAj,5,Yes,diskinserted,2026-01-08
2026-01-10,The Secret Life of Walter Mitty,2013,https://boxd.it/cxAqRl,4,Yes,diskinserted,2026-01-09
2026-01-11,The Secret Agent,2025,https://boxd.it/czqmVr,4,,"in theater, cine",2026-01-10
2026-01-12,12 Angry Men,1957,https://boxd.it/cAeRGd,5,,,2026-01-11
2026-01-13,The Third Man,1949,https://boxd.it/cBnaQB,3,,,2026-01-12
2026-01-14,Mickey 17,2025,https://boxd.it/cD1h0L,4,Yes,,2026-01-13
2026-01-16,No Other Choice,2025,https://boxd.it/cESTrv,4.5,,in theater,2026-01-15
2026-01-21,Sinners,2025,https://boxd.it/cKr0BF,4,Yes,w/ sam,2026-01-20
2026-01-23,The Apartment,1960,https://boxd.it/cLAHH9,5,Yes,,2026-01-21
2026-01-25,Bugonia,2025,https://boxd.it/cOiS7d,4.5,,w/ sam,2026-01-24
2026-01-27,Amish Stud: The Eli Weaver Story,2023,https://boxd.it/cQE2Jh,1.5,,w/ sam,2026-01-26
2026-01-27,Secret Mall Apartment,2024,https://boxd.it/cQQxLx,,,w/ sam,2026-01-26
2026-01-30,Mulholland Drive,2001,https://boxd.it/cTRO8B,5,Yes,,2026-01-29
2026-01-31,Blue Velvet,1986,https://boxd.it/cU9AmF,5,Yes,,2026-01-30
2026-02-01,The Big Shave,1967,https://boxd.it/cVbMG1,,,,2026-01-31
2026-02-01,What's a Nice Girl Like You Doing in a Place Like This?,1963,https://boxd.it/cVczWR,,,,2026-01-31
2026-02-01,Eraserhead,1977,https://boxd.it/cVJiL9,4,Yes,,2026-01-31
2026-02-01,Paprika,2006,https://boxd.it/cVPxhv,4,,,2026-01-31
2026-02-01,Bottle Rocket,1996,https://boxd.it/cVWcTH,3.5,,,2026-01-31
2026-02-02,The Apprentice,2024,https://boxd.it/cXa9tX,3.5,,,2026-02-01
2026-02-04,Spree,2020,https://boxd.it/cYjoIl,3,,,2026-02-03
2026-02-04,Send Help,2026,https://boxd.it/cYPgnX,3,,"w/ sam, in theater",2026-02-03
2026-02-05,The Graduate,1967,https://boxd.it/cZ9GSR,4,Yes,,2026-02-04
2026-02-08,The Smashing Machine,2025,https://boxd.it/d1UpIn,3.5,,w/ sam,2026-02-06
2026-02-08,Withdrawal,2025,https://boxd.it/d28W4N,,,"cine, in theater",2026-02-07
2026-02-11,Sentimental Value,2025,https://boxd.it/d55Mzx,4.5,Yes,"w/ sam, cine, in theater",2026-02-10
2026-02-14,Titanic,1997,https://boxd.it/d7uPKB,,Yes,w/ sam,2026-02-13
2026-02-15,Pitch Perfect 2,2015,https://boxd.it/d8mVzH,2.5,Yes,w/ sam,2026-02-14
2026-02-15,Labyrinth,1986,https://boxd.it/d8ALWz,,,w/ sam,2026-02-14
2026-02-16,The Perfect Date,2019,https://boxd.it/d9ICID,1.5,,w/ sam,2026-02-15
2026-02-19,If I Had Legs I'd Kick You,2025,https://boxd.it/dcAUrL,4,,,2026-02-18
2026-02-23,Frankenstein,2025,https://boxd.it/dgx0kJ,3.5,Yes,w/ sam,2026-02-22
2026-02-23,Perfect Blue,1997,https://boxd.it/dgC7XD,5,,,2026-02-22
2026-03-09,Nirvanna the Band the Show the Movie,2025,https://boxd.it/drYKnH,5,,"w/ sam, cine, in theater",2026-03-08
2026-03-11,Nirvana the Band the Show,2007,https://boxd.it/dtn8y7,4,,,2026-03-10
2026-03-11,Ready or Not,2019,https://boxd.it/dtvg3H,2.5,,w/ sam,2026-03-10
2026-03-11,Together,2025,https://boxd.it/dtyA6x,4.5,Yes,w/ sam,2026-03-10
2026-03-12,127 Hours,2010,https://boxd.it/dtOgHl,3,,w/ sam,2026-03-11
2026-03-12,Late Night with the Devil,2023,https://boxd.it/dtRbRV,3,,w/ sam,2026-03-11
2026-03-13,Drop,2025,https://boxd.it/duAK6v,1.5,,,2026-03-12
2026-03-13,Hot Rod,2007,https://boxd.it/duCTw7,5,Yes,,2026-03-12
2026-03-13,Black Sheep,1996,https://boxd.it/duEuJT,3,,,2026-03-12
2026-03-14,Zootopia 2,2025,https://boxd.it/dvHnPb,3.5,,w/ sam,2026-03-13
2026-03-15,The Wrong Paris,2025,https://boxd.it/dwFOBP,2,,w/ sam,2026-03-14
2026-03-16,Butterfly,2024,https://boxd.it/dx6GuZ,4,,,2026-03-15
2026-03-16,Two People Exchanging Saliva,2024,https://boxd.it/dx896p,4.5,,,2026-03-15
2026-03-16,Jane Austen's Period Drama,2024,https://boxd.it/dx9v6D,3,,,2026-03-15
2026-03-16,Forevergreen,2025,https://boxd.it/dx9Gbf,2.5,,,2026-03-15
2026-03-20,The Devil Is Busy,2024,https://boxd.it/dAPrx7,4,,w/ sam,2026-03-19
2026-03-23,The Alabama Solution,2025,https://boxd.it/dDFmS7,,,w/ sam,2026-03-22
2026-03-23,Bodies Bodies Bodies,2022,https://boxd.it/dDOh6l,3,Yes,w/ sam,2026-03-22
2026-03-24,All the Empty Rooms,2025,https://boxd.it/dEMKiv,3,,,2026-03-23
2026-03-24,Armed Only with a Camera: The Life and Death of Brent Renaud,2025,https://boxd.it/dENfK1,2,,,2026-03-23
2026-03-24,BS High,2023,https://boxd.it/dEPV7T,3,,,2026-03-23
2026-03-25,Mercy,2026,https://boxd.it/dF8E4B,1.5,,,2026-03-24
2026-03-25,Warfare,2025,https://boxd.it/dFt0Z5,3.5,,,2026-03-24
2026-03-25,Project Hail Mary,2026,https://boxd.it/dFEmXH,4,,"in theater, w/ sam, book",2026-03-24
2026-03-26,Fukushima: A Nuclear Nightmare,2026,https://boxd.it/dG5zYn,2.5,,,2026-03-25
2026-03-26,Fackham Hall,2025,https://boxd.it/dG5C7V,3,,,2026-03-25
2026-03-30,"1, 2, 3, All Eyes On Me",2020,https://boxd.it/dJxIzT,,,,2026-03-29
2026-03-30,The Whale,2022,https://boxd.it/dK5BiT,3,,,2026-03-29
2026-03-30,The Shuffle,2025,https://boxd.it/dKguTF,2,,,2026-03-29
2026-03-31,Hoppers,2026,https://boxd.it/dL6qy3,4,,"in theater, w/ fam",2026-03-30
2026-04-02,John Wick,2014,https://boxd.it/dMjvfP,3,,,2026-04-01
2026-04-02,John Wick: Chapter 2,2017,https://boxd.it/dMmvLx,3.5,,,2026-04-01
2026-04-02,Roofman,2025,https://boxd.it/dMPyNz,3.5,,,2026-04-01
2026-04-03,Blackfish,2013,https://boxd.it/dNQw99,3.5,,w/ fam,2026-04-02
2026-04-04,Pizza Movie,2026,https://boxd.it/dOcd3l,1.5,,,2026-04-03
2026-04-04,Is This Thing On?,2025,https://boxd.it/dOi3Cd,3.5,,,2026-04-03
2026-04-04,Eer,2021,https://boxd.it/dOmAeB,,,,2026-04-03
2026-04-05,Kidnapped: Elizabeth Smart,2026,https://boxd.it/dPZ6rn,,,w/ fam,2026-04-04
2026-04-05,The Dirties,2013,https://boxd.it/dQ2mbL,3.5,,,2026-04-04
2026-04-06,Operation Avalanche,2016,https://boxd.it/dR9nFl,3.5,,,2026-04-05
2026-04-06,BlackBerry,2023,https://boxd.it/dRe0Ql,4,,,2026-04-05
2026-04-07,The Drama,2026,https://boxd.it/dSc4NZ,4,,"w/ sam, in theater, cine",2026-04-06
2026-04-07,Blue Moon,2025,https://boxd.it/dSgmtB,3.5,,,2026-04-06
2026-04-08,Untold: Chess Mates,2026,https://boxd.it/dT4juV,2,,,2026-04-07
2026-04-13,Queen of Chess,2026,https://boxd.it/dXpiYX,3.5,,,2026-04-12
2026-04-13,Louis Theroux: Inside the Manosphere,2026,https://boxd.it/dXqzhj,3,,,2026-04-12
2026-04-16,Red Rocket,2021,https://boxd.it/dZfTeZ,4.5,,,2026-04-15
2026-04-17,The Singers,2025,https://boxd.it/e0mmJt,,,,2026-04-16
2026-04-17,Frances Ha,2012,https://boxd.it/e0mFir,5,Yes,,2026-04-16
2026-04-18,20th Century Women,2016,https://boxd.it/e192bT,3.5,,,2026-04-17
2026-04-24,Erin Brockovich,2000,https://boxd.it/e5EwTz,,,,2026-04-22
2026-04-27,Roommates,2026,https://boxd.it/e81q9z,2,,,2026-04-26
2026-04-27,Anaconda,2025,https://boxd.it/e8sTId,2,,,2026-04-26
2026-04-28,Splitsville,2025,https://boxd.it/e9dhbp,3.5,,w/ sam,2026-04-27
2026-04-30,The Devil Wears Prada,2006,https://boxd.it/eaDmv1,4,Yes,w/ sam,2026-04-29
2026-05-02,The Devil Wears Prada 2,2026,https://boxd.it/ec5ah7,2.5,,"in theater, cine, friends",2026-05-01
2026-05-05,Smiley Face,2007,https://boxd.it/ef2Byb,4,,,2026-05-04
2026-05-05,The Running Man,2025,https://boxd.it/ef7dW9,3.5,,book,2026-05-04
2026-05-06,Triangle of Sadness,2022,https://boxd.it/efkp4T,3.5,,,2026-05-05
2026-05-06,Wuthering Heights,2026,https://boxd.it/efOMEZ,2,,book,2026-05-05
2026-05-07,Y2K,2024,https://boxd.it/eg1ioj,2.5,,,2026-05-06
2026-05-10,Rental Family,2025,https://boxd.it/eiAiMj,3.5,,,2026-05-09
