Date,Name,Year,Letterboxd URI,Rating,Rewatch,Review,Tags,Watched Date
2022-10-31,Barbarian,2022,https://boxd.it/3nHWqN,4.5,,wtf lol,,2022-10-31
2022-12-28,Bullet Train,2022,https://boxd.it/3AWLPT,4,,A perfect theater movie,in theater,2022-08-05
2023-01-02,Runaway Christmas Bride,2017,https://boxd.it/3CZlCN,0.5,,Simultaneously the worst and best movie I’ve seen,w/ fam,2023-01-01
2023-01-04,The Menu,2022,https://boxd.it/3DNhJv,4,,mmm cheseborger 🍔,,2023-01-03
2023-01-04,The Lobster,2015,https://boxd.it/3DSKpJ,4.5,,Moonrise Kingdom but good,,2023-01-03
2023-01-05,The Banshees of Inisherin,2022,https://boxd.it/3EcBhV,3.5,,Kid named finger:,,2023-01-04
2023-01-08,This Place Rules,2022,https://boxd.it/3Fu67l,3,,Fun little Jan 6 watch 😜,,2023-01-08
2023-01-09,Gone Girl,2014,https://boxd.it/3FEzPV,4.5,,This happened to my buddy Jeff once,,2023-01-08
2023-01-18,The Worst Person in the World,2021,https://boxd.it/3J0aoB,5,,RenATE Reinsve (i’m sorry),,2023-01-18
2023-01-19,The Florida Project,2017,https://boxd.it/3JgcIF,3.5,,Willem DaFoe talks to birds,,2023-01-18
2023-01-27,¡Three Amigos!,1986,https://boxd.it/3LDzBh,3,,Only fitting,,2023-01-26
2023-01-30,Puss in Boots: The Last Wish,2022,https://boxd.it/3MC3cr,4,,I love pussy boots ❤️‍🔥,"w/ sam, in theater",2023-01-29
2023-02-06,Slumdog Millionaire,2008,https://boxd.it/3OYpnD,4,,Trying to get me a sugar daddy like Jamal fr,,2023-02-05
2023-02-07,Thank You for Smoking,2005,https://boxd.it/3Pg7UZ,4,,mmmm cigarette butts 😋,,2023-02-06
2023-02-09,Birdman or (The Unexpected Virtue of Ignorance),2014,https://boxd.it/3PKGSJ,3.5,,Michael Keaton nose job causes him to jump off building,,2023-02-09
2023-02-11,Licorice Pizza,2021,https://boxd.it/3QfrdX,3.5,,And I thought pineapple on pizza was bad…,,2023-02-11
2023-02-13,The Princess Bride,1987,https://boxd.it/3QIz3z,3,,The Princess Bride (1987) predicted Covid-19. This movie was way ahead of its time 🪬🙌,w/ sam,2023-02-11
2023-02-13,Fire of Love,2022,https://boxd.it/3QPyNl,4,,"“The unknown is not something to be feared, it is something to go toward“",,2023-02-12
2023-02-14,Memento,2000,https://boxd.it/3R4E7Z,4,,This happened to my buddy Eric once,,2023-02-13
2023-02-15,Office Space,1999,https://boxd.it/3R8WHJ,3.5,,Can’t wait for this to be me in 3 years,,2023-02-14
2023-02-19,All the President's Men,1976,https://boxd.it/3Sqbe1,4.5,,The Red & Black could’ve done that,,2023-02-18
2023-02-19,The Prestige,2006,https://boxd.it/3StMU5,4.5,,"“It’s just a prank bro…”
The prank in question:",,2023-02-19
2023-02-21,Liar Liar,1997,https://boxd.it/3T6p1J,3,,Rogue lawyer commits illicit crimes to kidnap his son from loving mother,,2023-02-21
2023-02-23,Swiss Army Man,2016,https://boxd.it/3TCJHf,3,,Me after Taco Bell,,2023-02-23
2023-03-07,La La Land,2016,https://boxd.it/3WVMWd,4,Yes,Disney Pixar’s Soul - the musical,w/ sam,2023-03-06
2023-03-10,Alvin and the Chipmunks,2007,https://boxd.it/3XDQCf,2.5,,David Cross as Elvis’ manager,w/ sam,2023-03-09
2023-03-11,Aftersun,2022,https://boxd.it/3XS647,5,,Most depressing airplane watch oat,w/ sam,2023-03-10
2023-03-14,The Imitation Game,2014,https://boxd.it/3YWr9z,4,,Call me Alan Turing the way I be solving Washington Post crossword puzzles,,2023-03-14
2023-03-15,Fantastic Planet,1973,https://boxd.it/3ZcbhT,4,,hmmmmm?,,2023-03-15
2023-03-16,Marcel the Shell with Shoes On,2021,https://boxd.it/3ZqsGf,4,,Nathan Fielder carried,w/ sam,2023-03-15
2023-03-18,Superbad,2007,https://boxd.it/3ZVmj7,4,Yes,One of the classic films of our generation,,2023-03-17
2023-03-19,All Quiet on the Western Front,2022,https://boxd.it/40ee2v,3,,All mid on the Western Front,,2023-03-19
2023-03-21,Midsommar,2019,https://boxd.it/40P1ch,4.5,,And they say white people don’t have culture…,w/ sam,2023-03-20
2023-03-27,The Fabelmans,2022,https://boxd.it/42mQxZ,4,,Paul Dano cuckold,"in theater, Tate Theater",2023-03-26
2023-03-30,Hall Pass,2011,https://boxd.it/438Xo7,2,,penis and boobs,w/ sam,2023-03-30
2023-03-31,The Campaign,2012,https://boxd.it/43pkMD,2,,Kanye 2012,,2023-03-31
2023-04-01,Baby Driver,2017,https://boxd.it/43DpK1,4,,Average Atlanta driver,w/ sam,2023-03-31
2023-04-05,Crazy Rich Asians,2018,https://boxd.it/44CwsP,3,,Ken Jeong and Michelle Yeoh carried as usual,w/ sam,2023-04-03
2023-04-06,Semi-Pro,2008,https://boxd.it/44R6nJ,3,,spumoni,,2023-04-05
2023-04-09,DodgeBall: A True Underdog Story,2004,https://boxd.it/45RgBP,2.5,,Haha balls,,2023-04-08
2023-04-09,The Maltese Falcon,1941,https://boxd.it/45VE2R,3,,One of the best movies about a Maltese Falcon,,2023-04-08
2023-04-09,On a Wing and a Prayer,2023,https://boxd.it/45YBiX,2,,It’s like “Airplane!” but not funny (and an Easter movie),w/ fam,2023-04-08
2023-04-10,Westworld,1973,https://boxd.it/46l8oD,3.5,,Actually the best western I’ve seen 🤠,,2023-04-09
2023-04-11,Wild,2014,https://boxd.it/46CP9F,3,,Nomadland but interesting,w/ sam,2023-04-10
2023-04-12,Spotlight,2015,https://boxd.it/46VoSr,4.5,,If only All the President’s Men had Rachel McAdams 😫,,2023-04-12
2023-04-18,King Richard,2021,https://boxd.it/48vNIx,3.5,,Tennis dads best dads,,2023-04-18
2023-04-21,The Treasure of the Sierra Madre,1948,https://boxd.it/495Twf,4,,JAJAJAJAJA,,2023-04-20
2023-04-21,Dog Day Afternoon,1975,https://boxd.it/49cmXr,4.5,,Ally Pacino,,2023-04-21
2023-04-24,One Flew Over the Cuckoo's Nest,1975,https://boxd.it/4a0D8b,5,,Squad goals,book,2023-04-23
2023-04-25,Cabaret,1972,https://boxd.it/4ajc1Z,3.5,,Quirky Babylon?,,2023-04-24
2023-04-26,Caddyshack,1980,https://boxd.it/4aANtF,3,,The classic Dad movie.,,2023-04-25
2023-04-27,Se7en,1995,https://boxd.it/4aMNGj,4,,WE IN POWERLINE CITY,,2023-04-26
2023-04-27,Misery,1990,https://boxd.it/4aOCYl,4,,Me and Alex G fr,,2023-04-26
2023-05-01,Fargo,1996,https://boxd.it/4bQEeH,3.5,,Oh yah sure you betcha,,2023-04-30
2023-05-01,The Killing of a Sacred Deer,2017,https://boxd.it/4bSIED,4,,Went in thinking it was a quirky coming of age movie. I was slightly mistaken,,2023-04-30
2023-05-01,Zodiac,2007,https://boxd.it/4bVcAl,4.5,,Investigative dramas >>>,,2023-04-30
2023-05-02,Robots,2005,https://boxd.it/4cbNm3,3,Yes,"So many core memories, including the touching James Brown performance. I’m convinced that Fender is the best fictional character of all time.",,2023-05-01
2023-05-03,Bonnie and Clyde,1967,https://boxd.it/4chpc1,4,,Underperforming king 👑,,2023-05-02
2023-05-03,Empire of the Sun,1987,https://boxd.it/4cr23F,2.5,,The other side of The Wind Rises,,2023-05-02
2023-05-04,City Slickers,1991,https://boxd.it/4cGT71,3,,Just some guys being dudes,,2023-05-03
2023-05-04,Moneyball,2011,https://boxd.it/4cIM6z,4,,Movie would’ve been better if the A’s won the World Series,,2023-05-03
2023-05-05,Lady Bird,2017,https://boxd.it/4cQqbD,4.5,,this movie was made for Night in the Woods and Faye Webster lovers (me),,2023-05-04
2023-05-05,Portrait of a Lady on Fire,2019,https://boxd.it/4cUxfZ,4,,mysterious armpit jelly,,2023-05-04
2023-05-08,The Worst Person in the World,2021,https://boxd.it/4dNb2p,5,Yes,Forgot how gut wrenching this is (this is my LaLaLand),,2023-05-07
2023-05-08,Fight Club,1999,https://boxd.it/4dT4BT,4.5,,This is so Gaslight Gatekeep Girlboss,book,2023-05-08
2023-05-08,Black Swan,2010,https://boxd.it/4dTTrv,4.5,,My dad would really like this movie,,2023-05-08
2023-05-09,The Interview,2014,https://boxd.it/4e2NPf,3,,I’m the worlds biggest Randall Park fan,,2023-05-08
2023-05-10,Lincoln,2012,https://boxd.it/4enuxj,2,,politics lame,,2023-05-09
2023-05-11,(500) Days of Summer,2009,https://boxd.it/4exKDn,4.5,,penis,,2023-05-10
2023-05-11,Whiplash,2014,https://boxd.it/4ezrbD,4,,Give me JK’s bod,w/ arjan,2023-05-10
2023-05-12,Nope,2022,https://boxd.it/4eNFCr,4,,this would make a great episode of Atlanta,,2023-05-11
2023-05-12,Lost in Translation,2003,https://boxd.it/4eO8zh,3.5,,"place, Japan",,2023-05-12
2023-05-13,Air,2023,https://boxd.it/4eUQG9,3.5,,All Day I Dream About what??,,2023-05-12
2023-05-14,Rookie of the Year,1993,https://boxd.it/4f6g5F,3,,bets cubs player,,2023-05-13
2023-05-14,61*,2001,https://boxd.it/4f7DqN,3.5,,***,,2023-05-13
2023-05-15,Emily the Criminal,2022,https://boxd.it/4fwdbR,3,,We live in a society,w/ fam,2023-05-14
2023-05-17,After Hours,1985,https://boxd.it/4fY4qJ,4.5,,blonde uncanny valley,,2023-05-16
2023-05-18,Locked In,2017,https://boxd.it/4gbpfj,1.5,,when it rains it pours,w/ fam,2023-05-17
2023-05-22,Gravity,2013,https://boxd.it/4h6DCP,2.5,,awoooo,,2023-05-21
2023-05-22,There Will Be Blood,2007,https://boxd.it/4hbjlJ,4,,accurate title,,2023-05-21
2023-05-23,8½,1963,https://boxd.it/4hqFn3,4,,idrk what just happened but I like it,,2023-05-22
2023-05-24,Guardians of the Galaxy Vol. 3,2023,https://boxd.it/4hGWMr,3.5,,Music carried as usual,in theater,2023-05-23
2023-05-24,Persona,1966,https://boxd.it/4hHKaR,5,,The ol’ switcheroo,,2023-05-23
2023-05-25,The Seventh Seal,1957,https://boxd.it/4hUmh1,3.5,,Death’s light skin stare,,2023-05-24
2023-05-26,Autumn Sonata,1978,https://boxd.it/4i7z41,5,,i see who the favorite child is,,2023-05-25
2023-05-27,M,1931,https://boxd.it/4idYjn,4.5,,M,,2023-05-26
2023-05-28,A Man Called Otto,2022,https://boxd.it/4iEx53,3,,Sad man is sad… at least he has a cool birthday 😎,w/ fam,2023-05-27
2023-05-29,Gone in the Night,2022,https://boxd.it/4iXb83,2,,“It all started in the yogurt aisle…”,w/ fam,2023-05-28
2023-05-30,Kidnap,2017,https://boxd.it/4jdH9J,2,,Mommy driver,w/ fam,2023-05-29
2023-06-10,The Boss Baby,2017,https://boxd.it/4m73CB,3,,WWSCBFBBD?,w/ sam,2023-06-09
2023-06-11,Wild Strawberries,1957,https://boxd.it/4mi2mT,4,,I don’t want to be old,,2023-06-10
2023-06-11,Spider-Man: Across the Spider-Verse,2023,https://boxd.it/4mnAG9,4.5,,shoot,in theater,2023-06-10
2023-06-11,Tusk,2014,https://boxd.it/4mrs8V,2.5,,Yeah idk what to say about this one,,2023-06-11
2023-06-12,The Accountant,2016,https://boxd.it/4mIucJ,3,,Dogs playing poker,w/ fam,2023-06-11
2023-06-13,Moonlight,2016,https://boxd.it/4mZDzh,4,,:(,,2023-06-12
2023-06-15,The Lie,2018,https://boxd.it/4nsNVl,2.5,,Plausible,w/ fam,2023-06-14
2023-06-17,My Dinner with Andre,1981,https://boxd.it/4o1mqP,4,,Me and the boys at the dining hall past midnight,,2023-06-17
2023-06-17,2001: A Space Odyssey,1968,https://boxd.it/4o3pd9,3.5,,beep boop,,2023-06-17
2023-06-18,Reality,2023,https://boxd.it/4oepWP,3,,Reality kinda sucks,,2023-06-17
2023-06-18,Fantastic Mr. Fox,2009,https://boxd.it/4oigCp,4.5,Yes,🤌 pitch perfect,,2023-06-17
2023-06-18,How Do You Measure a Year?,2021,https://boxd.it/4oisqb,1.5,,I do not care about your child,,2023-06-17
2023-06-18,When We Were Bullies,2021,https://boxd.it/4oiVgf,1,,Why,,2023-06-17
2023-06-19,House of D,2004,https://boxd.it/4oEtNT,2.5,,small balls,w/ fam,2023-06-18
2023-06-21,"To Love, Honor and Deceive",1996,https://boxd.it/4pdjrD,2,,The only memorable thing is Vanessa Marcil and her child’s ugly haircut,w/ fam,2023-06-20
2023-06-22,Zodiac,2007,https://boxd.it/4puoqT,4.5,Yes,Animal Crackers,w/ fam,2023-06-21
2023-06-22,Bama Rush,2023,https://boxd.it/4pvlA9,1.5,,ooo machine scary,,2023-06-22
2023-06-28,The Paley Center Salutes The Good Place,2019,https://boxd.it/4rd1ez,,,Using this as a Good Place button 🫶,,2023-06-27
2023-06-29,Dog,2022,https://boxd.it/4rtgb3,2.5,,Watched this with Ellis so he could see how good he has it,w/ fam,2023-06-28
2023-07-01,Indiana Jones and the Dial of Destiny,2023,https://boxd.it/4rZvfN,3.5,,"Fun, enjoyable send off to a legendary series. Plus KAREN ALLEN JUMPSCARE",in theater,2023-06-30
2023-07-02,Raiders of the Lost Ark,1981,https://boxd.it/4sdQZl,5,Yes,The Hanger scene > The Hangar scene,,2023-07-01
2023-07-03,Indiana Jones and the Temple of Doom,1984,https://boxd.it/4syHc7,3.5,Yes,INDY YOU MUST TAKE OUT HIS HEART TO TRAVEL TO THE ALTERNATE TIMELINE,,2023-07-02
2023-07-03,Fatal Flip,2015,https://boxd.it/4sFqLX,1.5,,This movie is about as unfinished as their house,w/ fam,2023-07-02
2023-07-03,Indiana Jones and the Last Crusade,1989,https://boxd.it/4sHeCX,5,Yes,"Everything about this movie is perfect: the charm, adventure, dad jokes. It brings me <i>illumination</i>",,2023-07-02
2023-07-04,Indiana Jones and the Kingdom of the Crystal Skull,2008,https://boxd.it/4sXfuH,3,Yes,"Some good scenes but kinda sucked. Thought this was much better as a kid, thanks to Lego Indiana Jones",,2023-07-03
2023-07-04,M3GAN,2022,https://boxd.it/4t03St,3,,AI Chucky proves once again that we live in a society,w/ sam,2023-07-03
2023-07-05,Knocked Up,2007,https://boxd.it/4tdjcp,2.5,,Did not expect Dr Ken and Bill Hader and Alex G,,2023-07-04
2023-07-05,"I Love You, Man",2009,https://boxd.it/4tjWr1,4,,Mmm yummy bass,,2023-07-04
2023-07-09,Juno,2007,https://boxd.it/4ur5Tr,4,,Michael Cera musical career soft launch,w/ sam,2023-07-08
2023-07-10,Horrible Bosses,2011,https://boxd.it/4uNRfN,3,,OSHA would have a field day,,2023-07-09
2023-07-10,Identity Thief,2013,https://boxd.it/4uODFT,1.5,,"Yeah I skipped through this one, it was pretty bad. The things I do for Jason 🙄",,2023-07-09
2023-07-11,Hot Rod,2007,https://boxd.it/4v452l,4.5,,this is my Monty Python,,2023-07-10
2023-07-11,Idiocracy,2006,https://boxd.it/4v8sX3,2,,“I’m 14 and this is deep”,,2023-07-11
2023-07-12,Forgetting Sarah Marshall,2008,https://boxd.it/4vqkUh,3.5,,Puppet Ghandi performs vampire rock opera to get over ex girlfriend,,2023-07-11
2023-07-13,Trainspotting,1996,https://boxd.it/4vHo2d,4,,Got a cancer stick Tommy boy?,,2023-07-12
2023-07-14,Mission: Impossible,1996,https://boxd.it/4vXEWt,3.5,,Movie: Pretty Enjoyable,,2023-07-13
2023-07-14,The Skeleton Twins,2014,https://boxd.it/4vZaoZ,4,,Why can’t everyone just be happy 👎,,2023-07-14
2023-07-16,Bros,2022,https://boxd.it/4wpgtt,3.5,,"Hey, what’s up",,2023-07-15
2023-07-16,The Truman Show,1998,https://boxd.it/4wrdBX,5,Yes,I’d watch,,2023-07-15
2023-07-17,"I, Tonya",2017,https://boxd.it/4wPiq9,4,,"Ah yes, the real January 6th incident",,2023-07-16
2023-07-17,Sound of Freedom,2023,https://boxd.it/4wTllz,2,,It was fine. Disappointed I didn’t hate it more :(,"in theater, w/ fam",2023-07-16
2023-07-17,Father of the Bride,1991,https://boxd.it/4wVRXT,3.5,Yes,I am crushed,,2023-07-16
2023-07-18,Father of the Bride Part II,1995,https://boxd.it/4xcxRv,3,,What an awkward hospital predicament,,2023-07-17
2023-07-18,Father of the Bride Part 3 (ish),2020,https://boxd.it/4xd0D3,,,This didn’t need to exist but I’m glad it does,,2023-07-17
2023-07-18,Palm Springs,2020,https://boxd.it/4xfHYR,4.5,,"Wait, this is the bad pla-",,2023-07-17
2023-07-20,The Lego Batman Movie,2017,https://boxd.it/4xJFDR,3.5,,Will Arnett and Michael Cera are the best Batman/Robin duo and it’s not even close,,2023-07-19
2023-07-20,Popstar: Never Stop Never Stopping,2016,https://boxd.it/4xOZB7,3.5,,“Tony! Toni! Toné! Tonee?” is the funniest bit I’ve seen in a minute,,2023-07-19
2023-07-20,Silver Linings Playbook,2012,https://boxd.it/4xSinJ,3.5,,A little quirky,,2023-07-19
2023-07-21,School of Rock,2003,https://boxd.it/4ycUmT,4,Yes,i miss the glorification of rock music,,2023-07-20
2023-07-22,Barbie,2023,https://boxd.it/4yAVjT,4,,Ken just like me Fr (Matchbox 20 fan),in theater,2023-07-21
2023-07-22,Oppenheimer,2023,https://boxd.it/4yHkR9,5,,Cheeks were CLINCHED,in theater,2023-07-21
2023-07-23,The Hunger Games,2012,https://boxd.it/4z6C1v,3.5,Yes,Can’t believe they copied The Lobster,,2023-07-22
2023-07-24,The Hunger Games: Catching Fire,2013,https://boxd.it/4zlXrp,3.5,Yes,surprise Chris Martin,,2023-07-23
2023-07-24,Barbie,2023,https://boxd.it/4zqzSB,4,Yes,I am still Kenough.,in theater,2023-07-23
2023-07-24,Lady Bird,2017,https://boxd.it/4ztCMn,5,Yes,immaculate fart,,2023-07-23
2023-07-24,Dirty Harry,1971,https://boxd.it/4zAF0F,4,,"They really freed the nip back then, eh",w/ fam,2023-07-23
2023-07-24,The Hunger Games: Mockingjay – Part 1,2014,https://boxd.it/4zC857,2,,Whole lotta nothing,,2023-07-23
2023-07-25,The Hunger Games: Mockingjay – Part 2,2015,https://boxd.it/4A0fs1,2,,The most “Star Wars Sequel” of the franchise,,2023-07-24
2023-07-25,"Crazy, Stupid, Love.",2011,https://boxd.it/4A1DbF,3,,The Zodiac killer and Michael Scott walk into a bar…,,2023-07-24
2023-07-25,Clueless,1995,https://boxd.it/4A4jPB,4,,Radiohead so real,,2023-07-24
2023-07-27,Frances Ha,2012,https://boxd.it/4AN74X,5,,Cute lil movie,,2023-07-26
2023-07-28,Misery,1990,https://boxd.it/4BbYZl,4,Yes,Underrated mom movie ⁉️⁉️,w/ fam,2023-07-27
2023-07-30,Easy A,2010,https://boxd.it/4BLwfr,3,,3 stars solely for Stanley Tucci,,2023-07-29
2023-07-30,Marriage Story,2019,https://boxd.it/4BOUlT,4.5,,That kid is not worth all that,,2023-07-29
2023-07-30,No Country for Old Men,2007,https://boxd.it/4BXGkb,4.5,Yes,Soundtrack went so hard,"w/ fam, book",2023-07-29
2023-07-30,This Is the End,2013,https://boxd.it/4BYA3v,3,,Literally the Last of Us intro sequence,,2023-07-29
2023-07-31,Kicking & Screaming,2005,https://boxd.it/4Ces0Z,2.5,,Sam traded to the Guangdong Tigers,,2023-07-30
2023-07-31,The Meyerowitz Stories (New and Selected),2017,https://boxd.it/4ChsTB,4,,Noah is your home life alright?,,2023-07-30
2023-07-31,Indiana Jones and the Last Crusade,1989,https://boxd.it/4Cpt8H,5,Yes,"Perfect action and so funny. Best father-son movie of all time. Best movie of all time???
Perhaps.",w/ fam,2023-07-30
2023-07-31,Battle Royale,2000,https://boxd.it/4CrnUz,3.5,,not a great bedtime watch,,2023-07-30
2023-08-02,The Squid and the Whale,2005,https://boxd.it/4D7rT5,4.5,,incredibly hard watch. basically a psychological horror,,2023-08-01
2023-08-03,Sudden Impact,1983,https://boxd.it/4Ds9I1,2.5,,He really just going on side quests now,w/ fam,2023-08-02
2023-08-05,Greenberg,2010,https://boxd.it/4E2ght,3.5,,"GRETA GERWIG SINGING UNCLE ALBERT BY MCCARTNEY, WHAT???",,2023-08-04
2023-08-05,Fargo,1996,https://boxd.it/4E3Qqj,4.5,Yes,Nooo chubby Ryan Gosling,w/ fam,2023-08-04
2023-08-06,Nightcrawler,2014,https://boxd.it/4Erpvp,4,Yes,The “My biggest weakness is that I’m a perfectionist” movie,w/ fam,2023-08-05
2023-08-10,Blade Runner 2049,2017,https://boxd.it/4FOLFh,3.5,,Dreaming of toasted cheese,w/ arjan,2023-08-09
2023-08-13,House,1977,https://boxd.it/4Gzjuf,3.5,,silly cats,,2023-08-12
2023-08-13,A Trip to the Moon,1902,https://boxd.it/4GMjLL,,,glad they remembered their binkies and umbrellas on the moon,,2023-08-13
2023-08-18,Gone Girl,2014,https://boxd.it/4ImnIn,4.5,Yes,I bring a sort of Stockholm Syndrome vibe to the relationship that she doesn’t like,book,2023-08-17
2023-08-21,Borat: Cultural Learnings of America for Make Benefit Glorious Nation of Kazakhstan,2006,https://boxd.it/4JmN77,4,Yes,Too quotable for its own good,,2023-08-20
2023-08-22,Stalker,1979,https://boxd.it/4JGQpN,4,,What are they yapping on about,,2023-08-21
2023-08-25,Borat Subsequent Moviefilm: Delivery of Prodigious Bribe to American Regime for Make Benefit Once Glorious Nation of Kazakhstan,2020,https://boxd.it/4KwakF,3,Yes,Bort 👍🔥🔥🔥,,2023-08-24
2023-08-28,Gran Turismo,2023,https://boxd.it/4Lw4Lp,3,,This isn’t VIDEO GAMES on YOUR PHONE,in theater,2023-08-27
2023-08-29,Lockdown: 2025,2021,https://boxd.it/4LPJbl,1,,I am truly left speechless…,,2023-08-28
2023-09-11,Whiplash,2013,https://boxd.it/4PH2Mj,,,I am upset 😭🗣️‼️,,2023-09-11
2023-09-13,Kurt Vonnegut: Unstuck in Time,2021,https://boxd.it/4Qcj5N,,,Top 2 Kurt of all time,book,2023-09-12
2023-09-14,The Master,2012,https://boxd.it/4QshSl,4,,This is how I find out about Christopher Evan Welch 😭,,2023-09-13
2023-09-17,The Menu,2022,https://boxd.it/4RhnWP,4,Yes,Sharp hamburger,w/ sam,2023-09-16
2023-09-18,Theater Camp,2023,https://boxd.it/4RrG2h,4.5,,They went to Denny’s after,,2023-09-17
2023-09-26,Shiva Baby,2020,https://boxd.it/4TStEz,4,,Stressful ahh movie,,2023-09-26
2023-09-27,Joe Dirt,2001,https://boxd.it/4U7N1x,2.5,,Blairsville rite of passage,,2023-09-26
2023-09-27,Blood Simple,1984,https://boxd.it/4U9bMT,4.5,,So Coen in the best way,,2023-09-26
2023-09-28,Cocaine Bear,2023,https://boxd.it/4UmSZn,2,,Embracing my north GA heritage,w/ sam,2023-09-27
2023-09-30,Tarantella,1989,https://boxd.it/4ULMcJ,,,Gonna show this while tripsitting,,2023-09-29
2023-10-01,Frances Ha,2012,https://boxd.it/4VihVJ,5,Yes,Who wants to be my deli person,w/ sam,2023-09-30
2023-10-02,Scary Movie,2000,https://boxd.it/4VL0Q1,3,,Airplane! The horror movie,,2023-10-01
2023-10-04,Teen Wolf,1985,https://boxd.it/4Wpr23,2,,He’s not balling,,2023-10-03
2023-10-05,Coraline,2009,https://boxd.it/4WHjT5,4,Yes,Mmm buttons,w/ sam,2023-10-04
2023-10-10,Saw,2004,https://boxd.it/4Yoodj,3.5,,Rare Benjamin Linus L,,2023-10-09
2023-10-11,Saw II,2005,https://boxd.it/4YLj8J,3,,There will be blood,,2023-10-10
2023-10-12,Jennifer's Body,2009,https://boxd.it/4Z2udz,3,,That movie was so silly,w/ sam,2023-10-11
2023-10-13,Get Out,2017,https://boxd.it/4Zi3Z9,4.5,,Gyatt out,w/ sam,2023-10-12
2023-10-14,Trump vs the Illuminati,2020,https://boxd.it/4Zw94h,0.5,,Me after the lobotomy,,2023-10-13
2023-10-16,Renfield,2023,https://boxd.it/50qBBP,3,,blood is on The Menu,,2023-10-15
2023-10-17,Totally Killer,2023,https://boxd.it/50I7E1,2.5,,Totally Mid,,2023-10-16
2023-10-19,Suspiria,1977,https://boxd.it/51hnQx,4.5,,Movie is WILD,,2023-10-18
2023-10-20,Fanny and Alexander,1982,https://boxd.it/51pZpb,4.5,,cock fart piss poop,,2023-10-19
2023-10-23,Killers of the Flower Moon,2023,https://boxd.it/52D1QD,4,,Devastating. I’m glad I could hear some Taylor Swift songs during the movie to cheer me up 😛,"in theater, book",2023-10-22
2023-10-24,It,2017,https://boxd.it/52Uwg1,3,,but I love gazebos :(,,2023-10-23
2023-10-24,It Chapter Two,2019,https://boxd.it/52Xqbv,3,,"I didn't like it when they were mean to him :,(",,2023-10-23
2023-10-26,Peter & the Wolf,2023,https://boxd.it/53wxpf,,,*gulp*,,2023-10-25
2023-10-26,Beetlejuice,1988,https://boxd.it/53xyvF,3.5,,Homie did not deserve allat,,2023-10-25
2023-10-27,The Shining,1980,https://boxd.it/53Evut,5,,he said the thing.,,2023-10-26
2023-10-27,Lucy,2014,https://boxd.it/53PqN3,1.5,,Me one sip of diet coke,w/ sam,2023-10-26
2023-10-28,Five Nights at Freddy's,2023,https://boxd.it/547bBR,2.5,,Needed more Markiplier,in theater,2023-10-27
2023-10-28,The Nice Guys,2016,https://boxd.it/54cKLn,4,Yes,Me if I was a detective (I can’t smell),,2023-10-27
2023-10-28,Sherlock Jr.,1924,https://boxd.it/54dI9X,5,,What a silly little goofball,,2023-10-27
2023-10-29,Ex Machina,2015,https://boxd.it/54B2Lj,4.5,,probably Caesar dressing,,2023-10-28
2023-10-30,Midnight in Paris,2011,https://boxd.it/54JQLp,4.5,,About Time Prequel,,2023-10-29
2023-10-30,Raising Arizona,1987,https://boxd.it/553bx7,3.5,,Raising Utah,,2023-10-29
2023-10-31,Hereditary,2018,https://boxd.it/55mimD,3.5,,Wholesome ending. They all threw a little party for him :P,w/ sam,2023-10-30
2023-11-06,The Social Network,2010,https://boxd.it/57wZH3,4.5,Yes,FarmVille origin story,,2023-11-05
2023-11-07,No Hard Feelings,2023,https://boxd.it/57Pl3F,3,,Peak music ngl,,2023-11-06
2023-11-08,This Is Where I Leave You,2014,https://boxd.it/586SA7,2.5,,"Crazy cast, mid movie",,2023-11-07
2023-11-10,BlacKkKlansman,2018,https://boxd.it/58DThB,3.5,,What the Flip,,2023-11-09
2023-11-11,The Holdovers,2023,https://boxd.it/58StxX,5,,Wrong eye :(,in theater,2023-11-10
2023-11-13,The Killer,2023,https://boxd.it/59H2xD,3,,Accurate title I suppose,,2023-11-12
2023-11-15,Pitch Perfect 2,2015,https://boxd.it/5aflUT,2.5,,DAVID CROSS! CLAY MATTHEWS! DAVE N BUSTERS?!?!,w/ sam,2023-11-14
2023-11-16,Frances Ha,2012,https://boxd.it/5ay2pl,5,Yes,Sorry I’m not a real person yet,,2023-11-15
2023-11-17,The Elephant Whisperers,2022,https://boxd.it/5aMSS3,,,They’re so silly,w/ sam,2023-11-16
2023-11-20,"I, Tonya",2017,https://boxd.it/5bTWqP,4.5,Yes,Fargo,w/ sam,2023-11-19
2023-11-22,Now You See Me,2013,https://boxd.it/5ckypR,3,Yes,Childhood guilty pleasure,,2023-11-20
2023-11-22,Scott Pilgrim Takes Off,2023,https://boxd.it/5cn5er,4.5,,This is my heritage 🇨🇦,,2023-11-21
2023-11-22,Destined 2: Christmas Once More,2023,https://boxd.it/5ctDmL,2,,Literally nothing happens but the guy looks for his wedding ring for an hour and ITS IN A CINNAMON ROLL,w/ fam,2023-11-21
2023-11-22,Scott Pilgrim vs. the World,2010,https://boxd.it/5cvY85,5,Yes,Whole cast is dream blunt rotation,,2023-11-21
2023-11-23,Die Hard,1988,https://boxd.it/5cMoUL,5,Yes,My favorite Christmas Rom-Com,w/ fam,2023-11-22
2023-11-24,"Planes, Trains and Automobiles",1987,https://boxd.it/5d5Kdd,5,Yes,The Thanksgiving movie,w/ fam,2023-11-23
2023-11-24,Scott Pilgrim Takes Off,2023,https://boxd.it/5d9eml,5,Yes,We don’t use the B word on opening nights,,2023-11-24
2023-11-25,The Jerk,1979,https://boxd.it/5diSj5,3,,[ Shithead barks ],,2023-11-24
2023-12-01,Twilight,2008,https://boxd.it/5fn2VT,3,,Radiohead jumpscare,w/ sam,2023-11-29
2023-12-04,Oppenheimer,2023,https://boxd.it/5gEnAl,4.5,Yes,Can’t wait for the sequel,"tate theater, in theater, w/ sam",2023-12-03
2023-12-07,Saltburn,2023,https://boxd.it/5hBcFR,4,,I mean can you blame him,"in theater, w/ sam",2023-12-06
2023-12-11,Godzilla Minus One,2023,https://boxd.it/5j59xp,4,,Bro just wanted a snack 🦖,in theater,2023-12-10
2023-12-13,Night at the Museum,2006,https://boxd.it/5jyUPD,3,Yes,I hate that child,w/ sam,2023-12-11
2023-12-16,May December,2023,https://boxd.it/5kvRYb,4,,Persona in Savannah,,2023-12-15
2023-12-16,Cross Country Christmas,2020,https://boxd.it/5kGbNx,2.5,,"This was just a hallmark romcom of <i>Planes, Trains, and Automobiles </i>but they always manage to win me over by the end",w/ fam,2023-12-15
2023-12-17,Wonka,2023,https://boxd.it/5l39rZ,3,,Wait until they find out about e-commerce…,in theater,2023-12-16
2023-12-18,Minari,2020,https://boxd.it/5lo1ut,4.5,,No :(,,2023-12-17
2023-12-18,The Farewell,2019,https://boxd.it/5lxNrb,4,,I love grandmas,,2023-12-17
2023-12-19,Asteroid City,2023,https://boxd.it/5lGwcV,4,,Bryan Cranston Let’s Play camera,,2023-12-18
2023-12-20,National Lampoon's Christmas Vacation,1989,https://boxd.it/5m2TJR,4,Yes,Still goated,w/ fam,2023-12-18
2023-12-22,Maestro,2023,https://boxd.it/5n3tUF,3.5,,Bro really loved his cigarettes,,2023-12-21
2023-12-23,Vegas Vacation,1997,https://boxd.it/5noqkB,,,Me next week,w/ fam,2023-12-22
2023-12-23,Journey to Christmas,2023,https://boxd.it/5ns9CB,2,,Cali is basically Ex Machina,w/ fam,2023-12-22
2023-12-24,Inside Airport Lost & Found,2022,https://boxd.it/5nSU1z,,,That was my fish :(,w/ fam,2023-12-23
2023-12-24,Burning,2018,https://boxd.it/5nX1oN,3.5,,ouchie,,2023-12-23
2023-12-24,Okja,2017,https://boxd.it/5nZheN,4.5,,I love this PETA ahh movie,,2023-12-23
2023-12-25,Feast of the Seven Fishes,2019,https://boxd.it/5okYsZ,4,,Why doesn’t my family do this? (I’m one eighth Italian),,2023-12-24
2023-12-25,Rudolph the Red-Nosed Reindeer,1964,https://boxd.it/5onNHZ,,Yes,Dream blunt rotation,w/ fam,2023-12-24
2023-12-25,Love Actually,2003,https://boxd.it/5orvZz,3,,Lil bro would NOT survive Hartsfield Jackson,,2023-12-24
2023-12-27,Past Lives,2023,https://boxd.it/5pfFJB,5,,Can’t wait to add <i>Boner </i>on Goodreads,on plane,2023-12-26
2023-12-27,Game Night,2018,https://boxd.it/5pfIyV,3.5,,I’d thank Rachel for shooting me,on plane,2023-12-26
2023-12-30,Postcard From Earth,2023,https://boxd.it/5rgUrx,3,,Inventor of climate change watching this 😳,"in theater, w/ fam",2023-12-29
2023-12-31,The Big Short,2015,https://boxd.it/5rJzTt,3.5,,Mandatory Finance major viewing,on plane,2023-12-30
2024-01-01,Wildfire: The Legend of the Cherokee Ghost Horse,2023,https://boxd.it/5skKel,,,"Haven’t seen this yet, but I saw the trailer on a Wendys TV and I couldn’t have been more entertained",,2023-12-31
2024-01-03,Mamma Mia!,2008,https://boxd.it/5tPnOV,3,,Most selfish mother of all time,w/ sam,2024-01-02
2024-01-04,Mamma Mia! Here We Go Again,2018,https://boxd.it/5umWPl,2.5,,Most selfish (greatgrand-) mother of all time,w/ sam,2024-01-03
2024-01-06,Percy Jackson & the Olympians: The Lightning Thief,2010,https://boxd.it/5vGcpZ,2,,wait he’s goated,"w/ sam, book",2024-01-05
2024-01-07,The Color Purple,2023,https://boxd.it/5wfWEr,3.5,,Whoopi jumpscare,"w/ sam, in theater",2024-01-06
2024-01-15,Saw X,2023,https://boxd.it/5B65Vr,3,,Bro turned into a Fallout ghoul,"tate theater, in theater",2024-01-14
2024-01-15,Percy Jackson: Sea of Monsters,2013,https://boxd.it/5BadZz,1.5,,Stanley Tucci why,"w/ sam, book",2024-01-14
2024-01-16,BEEF,2023,https://boxd.it/5BzHhd,4,,Smashing pumpkins went crazy,,2024-01-15
2024-01-16,The Curse,2023,https://boxd.it/5BKnCx,4.5,,Tree hugger,,2024-01-15
2024-01-20,Poor Things,2023,https://boxd.it/5DyMop,4,,Wait he’s goated (fr this time),"w/ sam, in theater",2024-01-19
2024-01-27,Scott Pilgrim vs. the World,2010,https://boxd.it/5GKImP,5,Yes,Me when I swallow my gum,,2024-01-26
2024-01-27,Oprah and Quinta Brunson Abbott Elementary,2022,https://boxd.it/5GQrCD,,,"Abbott S1&2 log 😋
I love Gregory and the niche references",tv,2024-01-25
2024-01-28,Scott Pilgrim Takes Off,2023,https://boxd.it/5HrGVp,5,Yes,Young Neil Baby Driver,,2024-01-27
2024-01-28,American Fiction,2023,https://boxd.it/5HGekZ,4,,American non-fiction??,in theater,2024-01-28
2024-01-29,Anatomy of a Fall,2023,https://boxd.it/5IfMJT,4.5,,un bien chien,,2024-01-28
2024-01-30,Scott Pilgrim vs. the World,2010,https://boxd.it/5IsLo7,5,Yes,Kung Pao Chicken 💀,,2024-01-29
2024-01-31,Rustin,2023,https://boxd.it/5JcFvD,3,,PBJ,,2024-01-30
2024-02-01,Scott Pilgrim vs. the World,2010,https://boxd.it/5JDcNH,5,Yes,milk and eggs…,book,2024-01-31
2024-02-04,The Zone of Interest,2023,https://boxd.it/5KYJtV,4.5,,Try to use stairs challenge,"in theater, cine",2024-02-03
2024-02-06,The Holdovers,2023,https://boxd.it/5LGi7r,4.5,Yes,Average Galaxy Bowling interaction,"in theater, tate theater, w/ sam",2024-02-04
2024-02-07,Past Lives,2023,https://boxd.it/5MofJl,5,Yes,when she dreams in pig latin,w/ sam,2024-02-06
2024-02-10,Normal People,2020,https://boxd.it/5NkD8J,4,,Depressing and horny… 4 stars,book,2024-02-09
2024-02-10,Aliens in the Attic,2009,https://boxd.it/5NEkXD,2.5,,Maybe the real Aliens in the Attic were the friends we made along the way,w/ sam,2024-02-09
2024-02-18,Fifty Shades of Grey,2015,https://boxd.it/5QY9gZ,2,,When he rectifies you *bites lip* 👄,w/ sam,2024-02-16
2024-02-18,Fifty Shades Darker,2017,https://boxd.it/5RmIjd,0.5,,yes yes?,w/ sam,2024-02-17
2024-02-23,Fifty Shades Freed,2018,https://boxd.it/5TB9vV,1,,What flavor ice cream,w/ sam,2024-02-22
2024-03-01,Dune: Part Two,2024,https://boxd.it/5WHDwX,4.5,,Zendaya be like >:(,in theater,2024-02-29
2024-03-03,Priscilla,2023,https://boxd.it/5XNPPj,3.5,,He said what? (No actually),w/ sam,2024-03-02
2024-03-04,Hunt for the Wilderpeople,2016,https://boxd.it/5YpGlZ,4,,Good Majestical Morning,w/ sam,2024-03-03
2024-03-08,The Twilight Saga: New Moon,2009,https://boxd.it/607dPD,1.5,,huh,w/ sam,2024-03-06
2024-03-09,Dune,2021,https://boxd.it/60m7OT,4,Yes,Duncan’t :(,,2024-03-08
2024-03-31,Her Boyfriend's Secret,2018,https://boxd.it/6aSIIH,1.5,,"Sound design’s so bad
He’s the ultimate incel 
Blank template movie",w/ fam,2024-03-30
2024-04-06,Anyone But You,2023,https://boxd.it/6dH5hn,2,,Sydney Sweeney,w/ sam,2024-04-06
2024-04-08,The Iron Claw,2023,https://boxd.it/6eFd2P,4,,Fans of <i>A Little Life </i>would eat this up,"in theater, tate theater",2024-04-07
2024-04-19,Scott Pilgrim vs. the World,2010,https://boxd.it/6iRIyd,5,Yes,Pre-GRE comfort watch (“indefatigable” was on my practice test I had to),book,2024-04-18
2024-04-29,Good Will Hunting,1997,https://boxd.it/6mHNaL,5,Yes,ELLIOT SMITH RAHHH,,2024-04-28
2024-05-05,Call Me by Your Name,2017,https://boxd.it/6pAsmp,4,,Bro longed a little too hard,w/ sam,2024-05-04
2024-05-08,Madame Web,2024,https://boxd.it/6qVkWv,1,,She didn’t open a single Pepi can,w/ sam,2024-05-07
2024-05-09,Kingdom of Heaven,2005,https://boxd.it/6rixuZ,3,,I like how they did slow-mo scenes to make it even longer,w/ arjan,2024-05-08
2024-05-11,Glengarry Glen Ross,1992,https://boxd.it/6rO4rh,3.5,,I can see how this inspired James Foley to direct <b>Fifty Shades Darker</b>,,2024-05-10
2024-05-11,He Knows Your Every Move,2018,https://boxd.it/6rYidj,1.5,,GeekSquad would never :/,w/ fam,2024-05-10
2024-05-13,Mommy Meanest,2024,https://boxd.it/6sSkol,2,,The WILDEST Mother’s Day watch,w/ fam,2024-05-12
2024-05-14,The Perks of Being a Wallflower,2012,https://boxd.it/6t3IIB,4.5,Yes,Manic Pixie Dream Girl daughter or Wallflower son?,book,2024-05-13
2024-05-14,Frances Ha,2012,https://boxd.it/6tdPYB,5,Yes,“I like things that look like mistakes”,,2024-05-13
2024-05-14,The Wrong Stepmother,2019,https://boxd.it/6tgjZD,1,,I’d let Cindy Busby “😳” at me,w/ fam,2024-05-13
2024-05-15,Lars and the Real Girl,2007,https://boxd.it/6tuM03,4.5,,I love a good bowling montage,,2024-05-14
2024-05-15,I Can Make You Love Me,1993,https://boxd.it/6tDwfz,4,,ofc he’s an ice chewer,w/ fam,2024-05-14
2024-05-17,Heat,1995,https://boxd.it/6uhjQ3,4.5,,"Men, it’s okay to hold hands 🤝",w/ fam,2024-05-16
2024-05-18,The Idea of You,2024,https://boxd.it/6uHsud,1.5,,Why?,w/ sam,2024-05-17
2024-05-19,Unfrosted,2024,https://boxd.it/6uWh73,1.5,,Wait is this a reference?,,2024-05-18
2024-05-20,Challengers,2024,https://boxd.it/6vvuqx,4,,I can’t believe tennis is real,in theater,2024-05-19
2024-05-26,The Perks of Being a Wallflower,2012,https://boxd.it/6xYwPZ,4.5,Yes,mmm craving some grilled stickies 😋,w/ sam,2024-05-25
2024-05-30,Heathers,1989,https://boxd.it/6zJzNb,3.5,,Well that was unexpected,,2024-05-29
2024-05-31,Dream Scenario,2023,https://boxd.it/6A7dUd,4.5,,Stomach in swirls,,2024-05-30
2024-06-01,The Garfield Movie,2024,https://boxd.it/6AyNhl,2.5,,I hope that freeloading cat gets what he deserves one day.,in theater,2024-05-31
2024-06-02,Turtles All the Way Down,2024,https://boxd.it/6B18qJ,2.5,,"Good music, great volleyball coach, bad movie",,2024-06-01
2024-06-03,Mean Girls,2024,https://boxd.it/6Bg3oN,2,,Criminal lack of Rachel McAdams,,2024-06-02
2024-06-03,Miller's Girl,2024,https://boxd.it/6BjqCz,1,,yikes.,,2024-06-02
2024-06-03,Amélie,2001,https://boxd.it/6BoriF,4,,This one was pretty silly,,2024-06-02
2024-06-03,Pretty in Pink,1986,https://boxd.it/6Btiql,2,,"C’mon gang, let’s plow!",,2024-06-02
2024-06-05,Fast Times at Ridgemont High,1982,https://boxd.it/6CePOf,4,,Habs Jersey ahhh,,2024-06-04
2024-06-06,Booksmart,2019,https://boxd.it/6CATD5,3.5,,High school Frances Ha <3,,2024-06-05
2024-06-07,Clueless,1995,https://boxd.it/6CY5sT,4,Yes,wait am i buggin,,2024-06-06
2024-06-08,Bad Boys: Ride or Die,2024,https://boxd.it/6Dljuv,3,,DJ Khaled and Rhea Seehorn. This was a hoot,in theater,2024-06-07
2024-06-09,Prom Dates,2024,https://boxd.it/6DypUl,3,,Angus jumpscare let’s go,,2024-06-08
2024-06-09,10 Things I Hate About You,1999,https://boxd.it/6DNFCR,3,,10 things I mid about you 😔,,2024-06-08
2024-06-10,Hit Man,2023,https://boxd.it/6E0Kit,3.5,,Bro was not reading Catcher in the Rye,,2024-06-09
2024-06-10,Bad Words,2013,https://boxd.it/6E2S8v,2,,I love Jason Bateman but the only redeeming part is the Smashing Pumpkins end song,,2024-06-09
2024-06-10,The Fall Guy,2024,https://boxd.it/6Efjw9,4,,This is so Scott Pilgrim coded. Two thumbs up 👍👍,in theater,2024-06-09
2024-06-12,Do the Right Thing,1989,https://boxd.it/6F2rq7,5,,I feel like this situation could’ve been handled better guys,,2024-06-11
2024-06-13,Arrival,2016,https://boxd.it/6FoOQr,4.5,,Louise Banks 🤝 Billy Pilgrim,,2024-06-12
2024-06-15,Animal House,1978,https://boxd.it/6FXATB,3,,No Karen Allen don’t say that word it’s frowned upon,,2024-06-14
2024-06-17,Scott Pilgrim vs. the World,2010,https://boxd.it/6GYNV7,5,Yes,Love me some walking.,,2024-06-16
2024-06-20,I Used to Be Funny,2023,https://boxd.it/6I5OTf,3.5,,A little confusing but enjoyable. Anyways Mom jeans reference ‼️,,2024-06-19
2024-06-20,Prescription: Murder,1968,https://boxd.it/6I8LrD,4,,"Ms Hudson YOU ARE THE WEAKEST LINK

Anyway ig I’m binging Columbo now",,2024-06-19
2024-06-21,Ransom for a Dead Man,1971,https://boxd.it/6Iiv7H,,,tennis !,,2024-06-20
2024-06-22,Ghostlight,2024,https://boxd.it/6IPqUl,4.5,,<i>The Holdovers</i> but instead of wholesome it’s just sad. A little flawed but wow it hits hard,in theater,2024-06-21
2024-06-23,Singin' in the Rain,1952,https://boxd.it/6J4mHR,5,,Now his socks are wet :(,,2024-06-22
2024-06-23,Inside Out 2,2024,https://boxd.it/6JlKah,3,,Looks like anxiety is bad guys 😔,in theater,2024-06-22
2024-06-25,Perfect Days,2023,https://boxd.it/6K6Vvf,4.5,,"Move over Ryan, he’s just like me fr.",,2024-06-24
2024-06-26,John Mulaney: The Comeback Kid,2015,https://boxd.it/6KvLjt,,Yes,ONE BLACK COFFEE,,2024-06-25
2024-06-27,John Mulaney: Kid Gorgeous at Radio City,2018,https://boxd.it/6KRD03,,Yes,Chip Mulaney would love <i>Maestro</i>,,2024-06-26
2024-06-29,Kinds of Kindness,2024,https://boxd.it/6LBPTr,4,,no one can match Yorgos’ freak. Im gonna have to ponder about this one for a while,in theater,2024-06-28
2024-06-30,Thelma,2024,https://boxd.it/6LXPEl,3.5,,I texted my nana right after this,in theater,2024-06-29
2024-07-01,Janet Planet,2023,https://boxd.it/6Mpqv5,3.5,,Blairsville-core 🫶,in theater,2024-06-30
2024-07-04,Bodies Bodies Bodies,2022,https://boxd.it/6NJCgZ,4,,He would do that,w/ sam,2024-07-03
2024-07-07,Mean Girls 2,2011,https://boxd.it/6OZkT1,1,,<i>Gone Girl </i>reference in the shed??? (She’s not like other girls),w/ sam,2024-07-06
2024-07-08,Rushmore,1998,https://boxd.it/6PvX9Z,4,,Fall Out Boy reference!!,,2024-07-07
2024-07-11,Minions,2015,https://boxd.it/6QOnKd,3,,Why’d I kind of enjoy that…,w/ sam,2024-07-10
2024-07-12,Despicable Me 4,2024,https://boxd.it/6R5u4x,2,,Culture Club? Honey Badger YTP? Flossing? Who was this made for lmao,in theater,2024-07-11
2024-07-14,Princess Mononoke,1997,https://boxd.it/6S26U3,5,,Need a Kodama bobble head ASAP,in theater,2024-07-13
2024-07-15,Fly Me to the Moon,2024,https://boxd.it/6SDyN9,3,,what if the real fake moon landing was the friends we made along the way,in theater,2024-07-14
2024-07-16,Ponyo,2008,https://boxd.it/6T7CYb,4,,BUG OFF BUG OFF BUG OFF,w/ sam,2024-07-15
2024-07-22,Veeps: Profiles in Insignifcance,2014,https://boxd.it/6VMBld,,,Yeah I’m logging this as the show VEEP. It was great,tv,2024-07-21
2024-07-23,Love Lies Bleeding,2024,https://boxd.it/6Wfg49,3,,freaky,,2024-07-22
2024-07-28,Twisters,2024,https://boxd.it/6YA3Qz,3.5,Yes,MHMMM 🫵🏿,"in theater, w/ sam",2024-07-27
2024-08-04,Garden State,2004,https://boxd.it/71CL3H,4.5,,Idk what happened but it was peak,w/ sam,2024-08-03
2024-08-08,Blood Simple,1984,https://boxd.it/73mNMb,4.5,Yes,Comedically large bathroom scene best scene.,w/ fam,2024-08-07
2024-08-16,He's All That,2021,https://boxd.it/76TcYH,0.5,,This gotta be the first AI generated movie,w/ sam,2024-08-15
2024-08-18,2025: The World Enslaved by a Virus,2021,https://boxd.it/77NbYX,0.5,,Peas and ice cream yum,w/ sam,2024-08-17
2024-08-19,30 Rock: A One-Time Special,2020,https://boxd.it/78g1FJ,,,Logging as the show 🫶,tv,2024-08-18
2024-08-19,Challengers,2024,https://boxd.it/78rXqz,4,Yes,When’s UGA getting a churro machine ??,"in theater, tate theater",2024-08-18
2024-08-20,Eternal Sunshine of the Spotless Mind,2004,https://boxd.it/78UIbx,4.5,,Okay :D,,2024-08-19
2024-08-20,But I'm a Cheerleader,1999,https://boxd.it/78W92p,3.5,,VEEP Prequel,,2024-08-20
2024-08-21,Trainwreck,2015,https://boxd.it/79lukz,2.5,,I can only imagine the budget,,2024-08-20
2024-08-22,St. Vincent,2014,https://boxd.it/79INml,3,,<i>A Man Called Otto</i> but it’s my uncle,w/ sam,2024-08-21
2024-08-26,Rushmore,1998,https://boxd.it/7bGDfN,4.5,Yes,silly little goober,w/ sam,2024-08-25
2024-08-27,Kiki's Delivery Service,1989,https://boxd.it/7ccHbz,3.5,,Amazon drones could never,,2024-08-26
2024-08-29,Alien: Romulus,2024,https://boxd.it/7cXZED,3.5,,Andy falls… *milk*,"in theater, cine",2024-08-28
2024-09-01,"nothing, except everything.",2023,https://boxd.it/7emxqH,2.5,,Okay number,,2024-08-31
2024-09-01,The Cook,2022,https://boxd.it/7emBDF,,,oh that’s it,,2024-08-31
2024-09-01,Alternative Math,2017,https://boxd.it/7emOvf,,,Mathgate has radicalized me,,2024-08-31
2024-09-02,Vampires Suck,2010,https://boxd.it/7eRbK3,2.5,,Victorian children would love this,w/ sam,2024-09-01
2024-09-03,Sing Sing,2023,https://boxd.it/7fjBfr,4.5,,"The things we give up, man.","in theater, cine",2024-09-02
2024-09-04,Employee of the Month,2006,https://boxd.it/7fzwBz,3,,Love a good boxing montage 📦,,2024-09-03
2024-09-04,The Girl Next Door,2004,https://boxd.it/7fPvbH,4,,Paul would,,2024-09-03
2024-09-07,Legally Blonde,2001,https://boxd.it/7h2bHX,3.5,,Smirky,w/ sam,2024-09-06
2024-09-08,Cocaine Shark,2023,https://boxd.it/7hvDfb,1,,She’s definitely of Belgian descent,w/ sam,2024-09-07
2024-09-09,LOL,2012,https://boxd.it/7i83S5,2,,Song kinda catchy tho,,2024-09-08
2024-09-09,Pleasantville,1998,https://boxd.it/7iaGSn,3,,They live in a society,,2024-09-09
2024-09-10,The 1936 Olympic Games,2016,https://boxd.it/7ijEqz,,,Trop de la français pour moi,carlo,2024-09-09
2024-09-10,Bring It On,2000,https://boxd.it/7iow8n,3.5,,This was enlightening,,2024-09-09
2024-09-10,DodgeBall: A True Underdog Story,2004,https://boxd.it/7iAeMD,3,Yes,Thanks for the advice Lance Armstrong 💪,,2024-09-09
2024-09-10,Coach Carter,2005,https://boxd.it/7iCtrT,4,Yes,First time not watching in short form (numbered tiktok clips),,2024-09-10
2024-09-12,College Road Trip,2008,https://boxd.it/7j54iP,3,,"A-Plot: a father struggles to grasp with the maturing of his daughter as she moves to a prestigious college across the country

B-Plot: coffee pig",,2024-09-11
2024-09-13,Swiped,2018,https://boxd.it/7jHErJ,0.5,,<i>The Incel Network</i>,w/ sam,2024-09-12
2024-09-18,Sleepover,2004,https://boxd.it/7m2mwr,2,,Ugh life is so ribbons and lampshades now,,2024-09-17
2024-09-20,The Visit,2015,https://boxd.it/7mOL3F,3,,Grandma hawk tuah’d,w/ sam,2024-09-19
2024-09-21,Civil War,2024,https://boxd.it/7n3zAH,4,,All for the gram 🔥🔥,,2024-09-20
2024-09-22,The Martian,2015,https://boxd.it/7nBNbJ,4,,Lore accurate Troy Barnes post-community college,book,2024-09-21
2024-09-22,The Substance,2024,https://boxd.it/7nJFAH,4.5,,Bro drank one Diet Coke and turned into The Master,"w/ sam, in theater, cine",2024-09-21
2024-09-22,CatVideoFest 2024,2024,https://boxd.it/7nK8cz,,,The audience definitely made it,"w/ sam, in theater, cine",2024-09-08
2024-09-23,The Intern,2015,https://boxd.it/7nYuix,3,,De Niro is my fictional grandfather,,2024-09-22
2024-09-24,From Up on Poppy Hill,2011,https://boxd.it/7oIKID,4,,that was a close one...,,2024-09-23
2024-09-26,Mistress America,2015,https://boxd.it/7psXqf,4,,so college so real,,2024-09-25
2024-09-26,The Longshots,2008,https://boxd.it/7puEvf,2,,5/5 on the Fred Durst scale,,2024-09-25
2024-09-27,I Saw the TV Glow,2024,https://boxd.it/7pLVbF,3,,"Came for Alex G, stayed for the soup party",w/ sam,2024-09-26
2024-09-27,The Fall Guy,2024,https://boxd.it/7pORm1,4,Yes,"It’s Fall, y’all",w/ sam,2024-09-26
2024-09-28,Ghostbusters: Frozen Empire,2024,https://boxd.it/7qh1tR,2.5,,the most movie movie,w/ sam,2024-09-27
2024-09-29,Uglies,2024,https://boxd.it/7qOgah,1,,Imagine being cast as an ugly 😭,,2024-09-28
2024-10-07,21 Jump Street,2012,https://boxd.it/7uhSUH,3,,Dax Flame 🤝 Thaddeus,,2024-10-06
2024-10-07,It's What's Inside,2024,https://boxd.it/7uBzGh,4,,Killer sex!,w/ sam,2024-10-06
2024-10-08,Princess Mononoke,1997,https://boxd.it/7vcjoZ,5,Yes,I love sludge,,2024-10-07
2024-10-10,The Wind Rises,2013,https://boxd.it/7w3N55,4.5,Yes,<i>Full Metal Duckling</i>,,2024-10-09
2024-10-11,Castle in the Sky,1986,https://boxd.it/7wr8Xj,4,,I love Bastion Overwatch ❤️,,2024-10-10
2024-10-15,Saturday Night,2024,https://boxd.it/7yEu95,4,,Lorne Michaels walked so Liz Lemon could run,"in theater, cine, w/ sam",2024-10-14
2024-11-01,Nosferatu,1922,https://boxd.it/7H7gYD,,,Happy Halloween from this little freak,"SCAD film fest, in theater",2024-10-31
2024-11-01,The Brutalist,2024,https://boxd.it/7Hpi57,5,,Quite intelligent and stimulating indeed 🤔🪨,"scad film fest, in theater",2024-10-31
2024-11-08,The Boy and the Heron,2023,https://boxd.it/7KQU5P,4,,Joe Hisaishi music video i dont even care,,2024-11-07
2024-11-10,Woman of the Hour,2023,https://boxd.it/7LGfdd,2,,huh.,w/ sam,2024-11-08
2024-11-11,Anora,2024,https://boxd.it/7MtfB3,4.5,,This happened to my buddy Eric once,"in theater, cine",2024-11-10
2024-11-14,Past Lives,2023,https://boxd.it/7NZ69d,5,Yes,"Most patient Uber driver
나는 이 영화를 즣아한다 ~",,2024-11-12
2024-11-17,Trap,2024,https://boxd.it/7P9jQj,2.5,,What TicketMaster does to a mf,w/ sam,2024-11-16
2024-11-24,A Real Pain,2024,https://boxd.it/7SUKi5,4.5,,I love family dynamics and lore 🪨🪨❤️,"w/ sam, in theater, cine",2024-11-23
2024-11-26,Holiday Road,2023,https://boxd.it/7U3fCP,2.5,,La La Land mention,w/ fam,2024-11-25
2024-11-27,Blue Ridge,2020,https://boxd.it/7UvynZ,2,,Watching this while 20 minutes away from the film site was crazy lol. Don’t move here we definitely have family wars and wear cowboy hats,w/ fam,2024-11-26
2024-11-28,Killing All My Sisters,2024,https://boxd.it/7UYiPh,1.5,,I still don’t know their names,w/ fam,2024-11-27
2024-11-29,Robot Dreams,2023,https://boxd.it/7Vh0YX,4,,Dang robot movie made me tear up,,2024-11-28
2024-11-29,"Planes, Trains and Automobiles",1987,https://boxd.it/7VrCRl,5,Yes,Yearly watch. Martin and Candy are the goats,w/ fam,2024-11-28
2024-11-29,Hundreds of Beavers,2022,https://boxd.it/7Vu5Ir,4.5,,Title card definitely paid off. J’ACCUSE!,,2024-11-28
2024-12-10,It Ends with Us,2024,https://boxd.it/8149gt,1.5,,Literary genius Colleen Hoover,w/ sam,2024-12-09
2024-12-12,Greener Grass,2019,https://boxd.it/820S7R,3.5,,D’arcys Ancestry results would be crazy,,2024-12-11
2024-12-13,Plus One,2019,https://boxd.it/82aYxr,3.5,,I can’t escape you Beck Bennet,,2024-12-12
2024-12-13,Wicked,2024,https://boxd.it/82ghf7,4,,I want to be poplar 🌲,in theater,2024-12-12
2024-12-14,Cloverfield,2008,https://boxd.it/82Yc3X,3.5,,Can't wait for the 2020's TikTok-ified version,,2024-12-13
2024-12-16,Carry-On,2024,https://boxd.it/848161,3.5,,"Dean Norris, Jason Bateman, Josh Brener. Sitcom actirs playing dramatic roles was great here",w/ fam,2024-12-15
2024-12-17,Jailbreak: Love on the Run,2024,https://boxd.it/84GiXT,,,Wild watch with the parents,w/ fam,2024-12-16
2024-12-20,Rudolph the Red-Nosed Reindeer,1964,https://boxd.it/86aIlF,,Yes,tried to give Santa purple drank 💀,w/ fam,2024-12-19
2024-12-20,Emmet Otter's Jug-Band Christmas,1977,https://boxd.it/86canB,,,Hock tuah,w/ fam,2024-12-19
2024-12-20,The Devil Wears Prada,2006,https://boxd.it/86fSeT,4,,Stanley Tucci I will avenge you,,2024-12-19
2024-12-20,Joker: Folie à Deux,2024,https://boxd.it/86gIqd,2,,yap yap yap yap yap,,2024-12-19
2024-12-21,Project X,2012,https://boxd.it/86ueRV,2.5,,me tomorrow (Miles Teller included),,2024-12-20
2024-12-23,Die Hard,1988,https://boxd.it/88cfgt,5,Yes,Tender are the feet,w/ fam,2024-12-22
2024-12-24,Coupled Up for Christmas,2023,https://boxd.it/88UE1h,2,,Very messy and very Canadian,w/ fam,2024-12-23
2024-12-25,National Lampoon's Christmas Vacation,1989,https://boxd.it/89DwXd,4,Yes,you serious Clark? ✈️🎅🏻,w/ fam,2024-12-24
2024-12-26,Santa Camp,2022,https://boxd.it/8ahcWp,,,huge for baby boomer santa (thank you for MTV),,2024-12-25
2024-12-26,Die Hard With a Vengeance,1995,https://boxd.it/8avkcH,4,,"Absurd, fun, and slightly eerie New York movie with great car scenes. “Let him cook” as Sam said 🔥",w/ fam,2024-12-25
2024-12-27,A Complete Unknown,2024,https://boxd.it/8blrZl,3.5,,I can’t wait to watch this with subtitles,in theater,2024-12-26
2024-12-29,Joe Pera: Slow & Steady,2023,https://boxd.it/8cCIdB,,,Can’t wait to cube my boys 🧊,,2024-12-28
2024-12-29,In the Mood for Love,2000,https://boxd.it/8cFHmj,4,,I was not in the mood sadly,,2024-12-28
2024-12-30,Lethal Seduction,2015,https://boxd.it/8e6YZZ,2.5,,Another wild family REWATCH,w/ fam,2024-12-29
2024-12-31,If I Can't Have You,2023,https://boxd.it/8f2kQ5,1,,Shoutout to Joe’s Diner for it’s beautiful orange wall paper and mismatched mugs,w/ fam,2024-12-30
2024-12-31,Joe Pera Talks You to Sleep,2016,https://boxd.it/8f7xrH,,,Goodnight to Joe Pera and Joe Pera only,,2024-12-30
2025-01-02,Nightbitch,2024,https://boxd.it/8gY7PD,3,,do you have something against dooooogs,w/ sam,2025-01-01
2025-01-05,Nosferatu,2024,https://boxd.it/8k7a5t,4,,"Oh, rats! 🐀","w/ arjan, cine, in theater",2025-01-04
2025-01-07,Joe Pera Helps You Find the Perfect Christmas Tree,2016,https://boxd.it/8m9iN1,,,"heresapine, heresapine, heresapine",,2025-01-06
2025-01-09,Mr. McMahon,2024,https://boxd.it/8o1p11,,,Crazy lore dump that will lead me down a long rabbit hole,,2025-01-08
2025-01-10,Between the Temples,2024,https://boxd.it/8oN4lF,3.5,,Pauline Chalamet jump scare,,2025-01-09
2025-01-10,The King of Comedy,1982,https://boxd.it/8p639h,4.5,,"“Better to be king for a night than schmuck for a lifetime”

Watch out Conan",,2025-01-09
2025-01-13,Guarding Tess,1994,https://boxd.it/8sj64n,3,,This was so pleasant (watched in apartment complex common room while playing ping pong),w/ arjan,2025-01-12
2025-01-15,The Graduate,1967,https://boxd.it/8u0n0R,4,,dee de de dee dee de de dee dee dee dee deeee,,2025-01-14
2025-01-16,Conclave,2024,https://boxd.it/8ujtu7,4,,extra juicy 🍊,,2025-01-15
2025-01-16,The Contestant,2023,https://boxd.it/8uIRSR,3.5,,squid game,,2025-01-15
2025-01-18,Life Partners,2014,https://boxd.it/8w39wX,3,,They really Britta’d Frances Ha,w/ sam,2025-01-17
2025-01-20,Snatch,2000,https://boxd.it/8xW0qP,4,,Special black & white screening (on our broken TV),w/ arjan,2025-01-19
2025-01-22,A Different Man,2024,https://boxd.it/8zrMl5,4,,I can’t sleep after watching this. bollocks. bollocks.,,2025-01-21
2025-01-23,Mulholland Drive,2001,https://boxd.it/8A9MA3,5,,"Absolutely no one else like David Lynch. 

Also RIP Mac Miller I did not expect that sample 🙏",,2025-01-22
2025-01-24,Emilia Pérez,2024,https://boxd.it/8ATtpR,2.5,,Shoutout Balatro for accompanying me through this,,2025-01-23
2025-01-27,Absurd Encounter with Fear,1967,https://boxd.it/8DnZef,,,Okay Tobias Funke,,2025-01-26
2025-01-27,Jar Final,2020,https://boxd.it/8Do57J,,,I love cinema,,2025-01-26
2025-01-27,Absurda,2007,https://boxd.it/8DoeFv,,,snip snip,,2025-01-26
2025-01-27,The Disc of Sorrow Is Installed,2002,https://boxd.it/8DoHoX,,,Imaginal Disk reference,,2025-01-26
2025-01-29,Eraserhead,1977,https://boxd.it/8ERUBn,3.5,,I was flashbanged several times,lynch chronological,2025-01-28
2025-01-30,The Elephant Man,1980,https://boxd.it/8FtxWj,4.5,,Crazy watch after seeing A Different Man. So good,lynch chronological,2025-01-29
2025-01-31,Dune,1984,https://boxd.it/8FQ3sT,3,,"Talk about THOSE EYEBROWS. How can you not enjoy this… Toto soundtrack, Roblox fight scene, Sting, uhhh. It was fun while not very good.",lynch chronological,2025-01-30
2025-01-31,Blue Velvet,1986,https://boxd.it/8G86NL,4.5,Yes,PABST❗️BLUE❗️RIBBON‼️,lynch chronological,2025-01-30
2025-02-01,Wild at Heart,1990,https://boxd.it/8GCusx,4,,When you a little quirky together,lynch chronological,2025-01-31
2025-02-03,Industrial Symphony No. 1: The Dream of the Brokenhearted,1990,https://boxd.it/8I6RUt,,,lit music video ig,lynch chronological,2025-02-01
2025-02-03,Twin Peaks: Fire Walk with Me,1992,https://boxd.it/8IdCDL,4.5,Yes,I feel terrible but hey David Bowie was in this,lynch chronological,2025-02-02
2025-02-04,The Straight Story,1999,https://boxd.it/8IQWf3,4,,This was such a nice refresher during my Lynch binge. Just a fella and his tractor. Angelo Badalamenti cooked (as always) 🔥,lynch chronological,2025-02-03
2025-02-04,Mulholland Drive,2001,https://boxd.it/8JcBqD,5,Yes,I want to study this movie. Loved it when those freaky little old people escaped a paper bag.,lynch chronological,2025-02-03
2025-02-05,Inland Empire,2006,https://boxd.it/8JO0Ax,4,,What the heck yeah. Gonna have some crazy dreams tonight 😧😧😧 ( <- Laura Dern reaction),lynch chronological,2025-02-04
2025-02-06,David Lynch: The Art Life,2016,https://boxd.it/8K1WRH,,,I should’ve known Philadelphia did this to David,lynch chronological,2025-02-05
2025-02-06,WHAT DID JACK DO?,2017,https://boxd.it/8K2HrV,,,"so real.

and with that i conclude my journey of watching every feature-length David Lynch film in chronological order (plus a few bonus ones hehe~ list on profile). its been a crazy ride idk how to watch a normal movie now. omw to 100% yippee
",lynch chronological,2025-02-05
2025-02-08,The Brutalist,2024,https://boxd.it/8L7WGl,4.5,Yes,This was brutal but I ate charcuterie during the intermission so that was pleasant,"in theater, cine",2025-02-06
2025-02-10,Mulholland Dr.,1999,https://boxd.it/8N7rtj,,,Basically just a shortened version but bonus points for Take Five,,2025-02-09
2025-02-11,Scene from a David Lynch DV Project,2005,https://boxd.it/8Nq2Zx,,,Lynch x Monk collab and it's a banger,,2025-02-10
2025-02-12,Rabbits,2002,https://boxd.it/8NTBNp,,,I love Friends,,2025-02-11
2025-02-12,Lunch With Lynch Drawing,2002,https://boxd.it/8Ojv41,,,Congrats Charlotte et al.,,2025-02-11
2025-02-13,Blue Velvet: The Lost Footage,2011,https://boxd.it/8OSi7V,,,Bring back blooper reels,,2025-02-12
2025-02-13,More Things That Happened,2007,https://boxd.it/8OTypt,,,gimme dat watch,,2025-02-12
2025-02-13,Darkened Room,2002,https://boxd.it/8OTO4B,,,Almost as terrifying as the Turkish website I had to watch this on,,2025-02-12
2025-02-14,Steps,2002,https://boxd.it/8Pq6Wl,,,giving Perfect Days,,2025-02-13
2025-02-14,Industrial Soundscape,2002,https://boxd.it/8PqnyF,,,shamelessly watched on reels,,2025-02-13
2025-02-14,The Cowboy and the Frenchman,1988,https://boxd.it/8PrdHT,,Yes,"I got Mubi for this…
By golly slim he’s got French friiiiiies",,2025-02-13
2025-02-15,Twin Peaks,1989,https://boxd.it/8PBCZt,5,Yes,Crazy way to start my morning. Happy Valentines Day lol 💕,,2025-02-14
2025-02-15,We Live in Time,2024,https://boxd.it/8PZRC3,3.5,,Someone had a little too much Gatorade…🥴,w/ sam,2025-02-14
2025-02-16,Flow,2024,https://boxd.it/8QNCV5,4,,Evie really enjoyed this 😸🌊,w/ sam,2025-02-15
2025-02-18,Instruments of a Beating Heart,2024,https://boxd.it/8SfKhR,,,lunch looks so lonely :(,,2025-02-18
2025-02-20,Fallen Leaves,2023,https://boxd.it/8TeHn5,3.5,,Couple of chillers,,2025-02-19
2025-02-20,Asparagus,1979,https://boxd.it/8TeSEB,,,Shoutout red curtains and also asparagus,,2025-02-19
2025-02-24,Blue Velvet,1986,https://boxd.it/8W10oF,4.5,Yes,Dennis Hopper in full screen is traumatic,"cine, in theater",2025-02-23
2025-02-24,My Old Ass,2024,https://boxd.it/8Wgewj,3,,I would give myself music recs or something idk,w/ sam,2025-02-23
2025-02-24,Out Yonder — Neighbor Boy,2002,https://boxd.it/8WgOtF,,,shoutout Russian youtube i really be's needing this,,2025-02-23
2025-02-24,Out Yonder — Teeth,2003,https://boxd.it/8WgY9P,,,"David is my dentist fr

100% David Lynch logged !!!",,2025-02-23
2025-02-25,Twin Peaks,1989,https://boxd.it/8WwHol,5,Yes,"Happy TP day :D

enjoyed with a fine black coffee",,2025-02-24
2025-03-01,Lars and the Real Girl,2007,https://boxd.it/8YLr1N,4.5,Yes,Lars and the thrift store drip 💧,w/ sam,2025-02-27
2025-03-02,Nickel Boys,2024,https://boxd.it/8Zj6Xf,4,,Beautiful bit of cinematography (watched on 11-inch seat back screen),"book, on plane",2025-03-01
2025-03-02,Dìdi (弟弟),2024,https://boxd.it/8ZnVkB,4.5,,Me in too many ways (Hayley Williams + early 2000s skate wear come on). I miss the recession era 🫶. Also he would’ve been perfect for Glee club,on plane,2025-03-01
2025-03-02,A Real Pain,2024,https://boxd.it/8ZqtOp,4.5,Yes,Crazy pre-vacation plane watch,on plane,2025-03-01
2025-03-09,Hot Fuzz,2007,https://boxd.it/94gFPz,5,Yes,Guy next to me stopped watching Conclave to stare at this on my screen,on plane,2025-03-08
2025-03-11,Twin Peaks: The Return,2017,https://boxd.it/95r6Td,5,Yes,fix your hearts or die,,2025-03-09
2025-03-17,Annie Hall,1977,https://boxd.it/98WbuB,4.5,,large vibrating egg,,2025-03-16
2025-03-19,Cinema Paradiso,1988,https://boxd.it/9az7y7,5,,Blairsville Cinema af,,2025-03-18
2025-03-20,National Theatre Live: Fleabag,2019,https://boxd.it/9b3BT5,5,,great but could always have more Andrew Scott,,2025-03-19
2025-03-20,Long Toast,2020,https://boxd.it/9b4pIB,,,big David Lynch shorts vibes,,2025-03-19
2025-03-21,Anora,2024,https://boxd.it/9bzwjZ,4.5,Yes,it going be okay.,w/ sam,2025-03-20
2025-03-22,Mickey 17,2025,https://boxd.it/9c3wNF,4,,Macarons underrated. Why is Yeun always the mean guy :/,"in theater, cine",2025-03-21
2025-03-24,Okja,2017,https://boxd.it/9cZ7qn,4,Yes,I love those silly white boys,,2025-03-22
2025-03-24,Popstar: Never Stop Never Stopping,2016,https://boxd.it/9dcFZd,4,Yes,Watched on a treadmill. Call me a Flatliner 🏥,treadmill,2025-03-23
2025-03-24,Parasite,2019,https://boxd.it/9dtATj,5,Yes,Can’t get a job these days too many nepos,,2025-03-23
2025-03-24,Do the Right Thing,1989,https://boxd.it/9dtJDz,5,Yes,Duke Ellington mention ‼️🔥,,2025-03-23
2025-03-25,Y Tu Mamá También,2001,https://boxd.it/9dJdkR,4.5,,how do I go about my day after watching this,,2025-03-24
2025-04-01,Hot Rod,2007,https://boxd.it/9i1mW3,4.5,Yes,Average response to US healthcare costs. Shoutout AM radio!!!,,2025-03-31
2025-04-02,Man of God,2021,https://boxd.it/9iuPfZ,3,,I can respect the facial hair,w/ arjan,2025-04-01
2025-04-03,Foe,2023,https://boxd.it/9iDI99,2.5,,Loved the book but this was so meh,"book, treadmill",2025-04-02
2025-04-04,The Worst Person in the World,2021,https://boxd.it/9jsr7d,5,Yes,"There’s so much I could say about this movie and so many quotable and relatable lines. Massive shoutout to physical media and the best Garfunkel song. <i>It’s the mud, it’s the mud. </i>","criterion, diskinserted",2025-04-03
2025-04-13,Watching the Detectives,2007,https://boxd.it/9ouVzb,3.5,,Very hot or miss in some parts but I loved watching Cillian be silly for an hour and a half,w/ sam,2025-04-12
2025-04-14,A Minecraft Movie,2025,https://boxd.it/9p1rCP,2,,The vibes were crazy. Terrible movie but I can’t say I hated it,in theater,2025-04-13
2025-04-18,Winnie the Pooh: Blood and Honey,2023,https://boxd.it/9rl1PL,1,,What did Chris ever see in Winnie honestly,w/ sam,2025-04-17
2025-04-28,Sinners,2025,https://boxd.it/9xCKtD,4.5,,One of the best theater experiences I’ve had in a while. Guinness and cigarettes are the root of evil I suppose.,"in theater, cine",2025-04-27
2025-04-29,One of Them Days,2025,https://boxd.it/9xZxmb,3.5,,Silly and fun and great,treadmill,2025-04-28
2025-05-01,Flushed Away,2006,https://boxd.it/9yXlu3,,,"watched in 5-minute increments on my roommate's phone, propped up by pizza boxes at midnight",w/ arjan,2025-04-28
2025-05-05,Babygirl,2024,https://boxd.it/9BQ8AF,2,,very meh but shoutout Le Tigre,w/ sam,2025-05-04
2025-05-06,Jerry Maguire,1996,https://boxd.it/9CxOhh,4,,"Didn’t know a Tom Cruise movie could be this campy in a good way. Really strange pacing and tone but it was pulled off in an endearing way, wrapped between the sweet Dicky Wolf messages that act like chapter marks. Laurel and Chad are the goats they deserve each other 🎷🏈",w/ arjan,2025-05-05
2025-05-09,Barnyard,2006,https://boxd.it/9E1q2r,,Yes,fever dream. Happy graduation day 👨‍🎓,,2025-05-09
2025-05-11,Sea Lions of the Galapagos,2025,https://boxd.it/9F645R,,,Squad,w/ sam,2025-05-10
2025-05-13,Daddy's Perfect Little Girl,2021,https://boxd.it/9GoWtj,1,,the media consumption is crazy. shes giving Rachel Berry in the worst way,w/ fam,2025-05-12
2025-05-14,Sleeper,2018,https://boxd.it/9GTU9N,1.5,,Can’t believe we’re still making Cold War spy rom-coms but okay,w/ fam,2025-05-13
2025-05-16,Lady Bird,2017,https://boxd.it/9HD4n1,5,Yes,Grapes of Wrath spoilers :(,,2025-05-15
2025-05-16,The Perks of Being a Wallflower,2012,https://boxd.it/9HGIqF,4,Yes,What if Charlie made a mixtape but it was all Low by Cracker,,2025-05-15
2025-05-17,Companion,2025,https://boxd.it/9IrpFZ,3.5,,brb resetting all my passcodes to Stalin’s birthday,,2025-05-16
2025-05-18,Thunderbolts*,2025,https://boxd.it/9J10gH,3.5,,Dare I say David Lynch-coded??,in theater,2025-05-17
2025-05-19,Friendship,2024,https://boxd.it/9JHwZ9,3.5,,a little hit or miss in some places but very bold and very funny. I wonder if Craig ever saw Thunderbolts* (plus Connor O'Malley carried once again),"in theater, w/ case",2025-05-18
2025-05-20,High Fidelity,2000,https://boxd.it/9KkC5J,3,,they’re insufferable but maybe so am I,book,2025-05-19
2025-05-21,The Price of Glee,2023,https://boxd.it/9KU4xr,0.5,,okay.,w/ sam,2025-05-20
2025-05-26,The PriceMaster,2001,https://boxd.it/9O5c0f,5,,Will be quoting this one for a while 🤑 I give it 5…… BILLION stars.,w/ case,2025-05-25
2025-05-28,Ten Years Later: The Extended Pied Piper Documentary,2019,https://boxd.it/9PkEot,5,,goated show. Jared is the best sitcom character,tv,2025-05-23
2025-05-28,"Black Country, New Road - “Live at Bush Hall”",2023,https://boxd.it/9Pm9WX,5,,fun stuff,,2025-05-27
2025-06-02,Mission: Impossible – The Final Reckoning,2025,https://boxd.it/9SquAN,3.5,,blah blah blah <b><i>Tramell Tillman</i></b> blah blah blah,"w/ case, in theater",2025-06-01
2025-06-02,Novocaine,2025,https://boxd.it/9SuGW5,3,,Matt Walsh you will always be my favorite comedic sidekick,,2025-06-01
2025-06-02,Freaks and Geeks: The Documentary,2018,https://boxd.it/9SyEGR,5,,sorry NBC this was a massive L. amazing show,tv,2025-06-01
2025-06-02,The Royal Tenenbaums,2001,https://boxd.it/9Szh4x,4,,Great music. Great vibes. Great characters.,"criterion, diskinserted",2025-06-01
2025-06-03,Punch-Drunk Love,2002,https://boxd.it/9Ta6UL,4.5,,PTA and Jon Brion is a match made in Heaven. Beautiful film.,diskinserted,2025-06-02
2025-06-04,Final Destination Bloodlines,2025,https://boxd.it/9TI67n,3,,This would never happen in Canada because they don’t have pennies,"in theater, w/ case",2025-06-03
2025-06-05,Juno,2007,https://boxd.it/9UiANZ,4,Yes,Kerry Carpenter mention ‼️ I wouldn’t mind if my house smelled like soup 🍜,diskinserted,2025-06-04
2025-06-06,Karate Kid: Legends,2025,https://boxd.it/9UMHe3,2.5,,The millennials have Benson Boone-ified a beloved movie franchise. Really bizarre.,in theater,2025-06-05
2025-06-08,The Phoenician Scheme,2025,https://boxd.it/9W3XxD,3.5,,"Definitely a grower. Plot was alright but the characters, writing, cinematography were amazing. Really not sure how I feel about this yet but can see people viewing this as underrated in Wes’s catalog in the future.",in theater,2025-06-07
2025-06-09,The Phoenician Scheme,2025,https://boxd.it/9WJtoF,4,Yes,A bedazzled pipe is a fantastic birthday gift (my bday is in december btw),in theater,2025-06-08
2025-06-12,Past Lives,2023,https://boxd.it/9YznOl,5,Yes,Incredible. So much said but even more unsaid that makes this film so powerful. Theater watch was long overdue.,in theater,2025-06-11
2025-06-14,Materialists,2025,https://boxd.it/9ZIhFz,4,,pretty film with pretty people and pretty awesome music,in theater,2025-06-13
2025-06-15,Columbus,2017,https://boxd.it/a01KRd,4.5,,Brutal(ism). Took a while for this one to click but it's so well shot. Makes me think of all the random buildings in my hometown and what they mean to me.,,2025-06-14
2025-06-15,After Yang,2021,https://boxd.it/a03rqr,3.5,,Mitski jumpscare but I'm not complaining,,2025-06-14
2025-06-17,40 Acres,2024,https://boxd.it/a1PeA9,3.5,,Could’ve been Bride Hard…<i> you think that’s funny?</i>,"in theater, screen unseen",2025-06-16
2025-06-22,42,2013,https://boxd.it/a4TT3v,,Yes,watched behind someone’s shoulder on the plane lol,on plane,2025-06-21
2025-06-24,Jurassic World Rebirth,2025,https://boxd.it/a6s2oJ,3,,Needed this for men’s mental health month (Dinos are cool 🦖),"in theater, screen unseen",2025-06-23
2025-06-28,Bringing Down the House,2003,https://boxd.it/a8YalZ,,Yes,Steve Martin unbelievable swag,w/ arjan,2025-06-27
2025-06-28,Rain Man,1988,https://boxd.it/a93Wlj,4,Yes,82 82 82,w/ arjan,2025-06-28
2025-06-30,Bride Hard,2025,https://boxd.it/aal3Gh,2,,Felt like an SNL skit that would not end. Silly little theater movie,in theater,2025-06-29
2025-07-08,"Oh, Hi!",2025,https://boxd.it/afUfER,4,,"Oh, Hi David Cross! Similar vibes as Companion, Bodies Bodies Bodies, It’s what’s inside, etc. Silly premise that goes off the deep end which is a lot of fun to watch in theatres with a crowd. Great for what it is even if it doesn’t present a much deeper message about its themes.","in theater, screen unseen",2025-07-07
2025-07-10,Morning Glory,2010,https://boxd.it/ahl0b9,3,,Rachel McAdams and Harrison Ford helloooo,,2025-07-09
2025-07-11,Superman,2025,https://boxd.it/ahWG31,4,,Another win for SuperWoke and his liberal agenda,"w/ case, in theater",2025-07-10
2025-07-12,Superman,2025,https://boxd.it/aiEEQ9,4,Yes,souper,in theater,2025-07-11
2025-07-14,F1,2025,https://boxd.it/akiL0N,4,,It’s like an adult version of the <i>Cars</i> series so maybe that’s why I enjoyed it so much,in theater,2025-07-13
2025-07-16,Ford v Ferrari,2019,https://boxd.it/alH2Z1,4,,Needs less The Home Depot voice guy and more Christian Bale driving fast 🏎️💨,,2025-07-15
2025-07-17,Superman: Red Son,2009,https://boxd.it/amG4Gx,,,gg wp,,2025-07-16
2025-07-17,All Star Superman,2011,https://boxd.it/amHZiJ,,,good until it wasn’t,,2025-07-16
2025-07-18,Eddington,2025,https://boxd.it/anh4sf,2.5,,This made me feel like a plastic bag :(,in theater,2025-07-17
2025-07-20,Smurfs,2025,https://boxd.it/aoNMFb,1.5,,what the Smurf⁉️,in theater,2025-07-19
2025-07-21,"Sorry, Baby",2025,https://boxd.it/apC8uJ,4.5,,"Soul-crushing cinema is so back. 

Treated myself to a lego set after because sometimes things just happen",in theater,2025-07-20
2025-07-22,The Home,2025,https://boxd.it/aqyRHJ,1.5,,"Honestly, valid crash out","in theater, screen unseen",2025-07-21
2025-07-26,The Fantastic 4: First Steps,2025,https://boxd.it/atI7A5,3,,"Huge film for my fellow Reids ‼️ 
Felt inconsequential but definitely a fun watch and a good <i>first step. </i>Loved the Fallout 4 vibes",in theater,2025-07-25
2025-07-28,Tim Dillon: I'm Your Mother,2025,https://boxd.it/avHFdb,,,🤨,,2025-07-27
2025-07-29,The Birdcage,1996,https://boxd.it/awviMR,4,,Where there’s sand…,,2025-07-28
2025-07-31,Together,2025,https://boxd.it/axXKK5,4,,Felt many things. Mainly icky and gross but also good movie. No one touch me pls,,2025-07-30
2025-08-04,Happy Gilmore 2,2025,https://boxd.it/aBqvbf,2.5,,"Habs jersey spotted tabarnak ça sent la coupe 🏆 
anyways this was kinda depressing and felt like a mr beast video :(",,2025-08-03
2025-08-05,Dazed and Confused,1993,https://boxd.it/aBWTLv,3,,"The Zeppelin song is better. I miss Freaks and Geeks
:(",,2025-08-04
2025-08-06,Burn After Reading,2008,https://boxd.it/aCExEl,3.5,,everybody be divorcing,,2025-08-05
2025-08-06,The Umbrellas of Cherbourg,1964,https://boxd.it/aCXI7v,4.5,,"Guy et Madeline siblings ou dating? C’est un film tragique, et je souhaite que je connaître plus de français. Lisez cette critique comme une chanson et maintenant je suis triste encore",,2025-08-05
2025-08-07,The Lego Batman Movie,2017,https://boxd.it/aDB6KJ,3.5,Yes,Great comfort watch. Really need to watch Serendipity also. Yay Daleks,,2025-08-06
2025-08-08,The Naked Gun: From the Files of Police Squad!,1988,https://boxd.it/aEieXd,3.5,,This but the Pope at a White Sox game,,2025-08-07
2025-08-09,Mulholland Drive,2001,https://boxd.it/aF0bAj,5,Yes,Mouth agape the entire time. Shoutout Criterion 4K. Need espresso phone 📞 I love the ominous cowboy 🤠,"diskinserted, criterion",2025-08-08
2025-08-09,War of the Worlds,2025,https://boxd.it/aF2NPF,0.5,,Teams call sound made me vomit. A MUFFIN WHAT ARE YOU THINKING ⁉️⁉️⁉️ #notmyrodrick,,2025-08-08
2025-08-10,Nausicaä of the Valley of the Wind,1984,https://boxd.it/aFsQcD,4,,It’s like that one Cameron Winter song,,2025-08-09
2025-08-10,Whisper of the Heart,1995,https://boxd.it/aFCsMx,4.5,,Who knew the lo-fi study girl had so much lore,,2025-08-09
2025-08-10,The Cat Returns,2002,https://boxd.it/aFFHgx,3,,😸,,2025-08-09
2025-08-11,The Secret World of Arrietty,2010,https://boxd.it/aGgRT9,4.5,,they’re in my walls but I wouldn’t mind,,2025-08-10
2025-08-11,When Marnie Was There,2014,https://boxd.it/aGM7MZ,3,,She was there alright,,2025-08-10
2025-08-12,Tales from Earthsea,2006,https://boxd.it/aHvexR,2.5,,DRAGONS HAVE INVADED DAVE N BUSTERS,,2025-08-11
2025-08-12,Only Yesterday,1991,https://boxd.it/aHy2ez,4.5,,Coming of age about memory and self identity this is peak. New pickup line do you like sunny or cloudy days. Dividing fractions is hard.,,2025-08-11
2025-08-13,Earwig and the Witch,2020,https://boxd.it/aI1mCz,1,,ugly,,2025-08-12
2025-08-13,My Neighbors the Yamadas,1999,https://boxd.it/aI5oJ1,4,,"Let’s gooo f1 book! Very cute and wholesome, love the art style and slice of life. Gonna be pairing this with The Holdovers this December",,2025-08-12
2025-08-14,Death of a Unicorn,2025,https://boxd.it/aIURWb,3,,they just wanted pets :/ but Cocteau Twins! Anthony Carrigan!,w/ sam,2025-08-13
2025-08-14,The Tale of The Princess Kaguya,2013,https://boxd.it/aJ1pw9,4.5,,All of the emotions and grateful we get to feel everything from good to bad. Love to see Kaguya stand on business.,,2025-08-13
2025-08-15,Grave of the Fireflies,1988,https://boxd.it/aJcZ8J,4.5,,"Well good morning to me I guess. 

100% Ghibli hooray",,2025-08-14
2025-08-16,KPop Demon Hunters,2025,https://boxd.it/aK0S7f,3.5,,Ken Jeong hiii,,2025-08-15
2025-08-16,Kneecap,2024,https://boxd.it/aK3fsz,4,,me after one Guinness,,2025-08-15
2025-08-16,Weapons,2025,https://boxd.it/aKf909,4,,Great soup choice. Gladys is low key Lynchian,"in theater, cine, w/ sam",2025-08-15
2025-08-17,Warm Bodies,2013,https://boxd.it/aL5nOV,3,,Zombie makeover montage really sold it for me,w/ sam,2025-08-16
2025-08-18,Kiki's Delivery Service,1989,https://boxd.it/aLJJq7,4,Yes,The genre/tonal range of Ghibli films are insane. This was just a fun wholesome watch and great in a theater. The kids were going for crazy for Jiji I don’t blame them. Also Alabama state flag that’s crazy,"in theater, cine",2025-08-17
2025-08-18,After Hours,1985,https://boxd.it/aLWNYX,4.5,Yes,Least chaotic Hinge date,"diskinserted, criterion",2025-08-17
2025-08-18,My Neighbor Totoro,1988,https://boxd.it/aM1t6h,4,Yes,yay :),,2025-08-17
2025-08-19,Howl's Moving Castle,2004,https://boxd.it/aMJQkz,4,Yes,Calcifer the goat I need a plush,,2025-08-18
2025-08-20,From Up on Poppy Hill,2011,https://boxd.it/aNsGBZ,3.5,Yes,What an odd roller coaster of emotions. Cozy to cringe to cute,,2025-08-19
2025-08-21,Castle in the Sky,1986,https://boxd.it/aNXVZJ,4,Yes,I love Bastion Overwatch 2 ❤️,,2025-08-20
2025-08-21,Ponyo,2008,https://boxd.it/aO4FfJ,4.5,Yes,So beautiful and silly I wish fish were real,,2025-08-20
2025-08-21,Porco Rosso,1992,https://boxd.it/aO9s31,4,Yes,So much swag,,2025-08-20
2025-08-22,Whisper of the Heart,1995,https://boxd.it/aOn1UZ,4.5,Yes,Get this girl a Libby account,,2025-08-21
2025-08-22,Only Yesterday,1991,https://boxd.it/aOI5J9,4.5,Yes,Of course. Tomorrow.,,2025-08-21
2025-08-23,Spirited Away,2001,https://boxd.it/aP4UNb,5,Yes,No funny comment just a great movie. Joe Hisaishi my goat,,2025-08-22
2025-08-25,War of the Worlds,2025,https://boxd.it/aQScqr,0.5,Yes,Actually this is fantastic,w/ sam,2025-08-22
2025-08-25,The Wind Rises,2013,https://boxd.it/aQUe55,5,Yes,Love to see a guy nerd out on his passions (engineering bomber planes),,2025-08-24
2025-08-25,The Tale of The Princess Kaguya,2013,https://boxd.it/aR4oiX,5,Yes,Big Hero 6 won an Oscar over this 🎋,,2025-08-24
2025-08-26,The Boy and the Heron,2023,https://boxd.it/aROMdf,4.5,Yes,I would like one warawara please ☝️🤓,,2025-08-25
2025-08-28,Naked Gun 33⅓: The Final Insult,1994,https://boxd.it/aT4nJ7,2,,Basically the 89th Academy Awards,,2025-08-27
2025-08-29,Princess Mononoke,1997,https://boxd.it/aThK19,5,Yes,very epic,,2025-08-28
2025-09-01,Beau Travail,1999,https://boxd.it/aVN3MD,3.5,,One day I will love this but that is not today. Bangin dance moves at the end though,,2025-08-31
2025-09-01,The Proposal,2009,https://boxd.it/aVOiYh,3,,Hallmark movie with A-list actors. Can’t complain,,2025-08-31
2025-09-01,Just Friends,2005,https://boxd.it/aVPwPP,1.5,,Diddy :/,,2025-08-31
2025-09-01,Friends with Benefits,2011,https://boxd.it/aVQbV5,2,,Crazy cast. Something about 2011 NYC is so nostalgic. Closing time ‼️🎶,,2025-08-31
2025-09-02,Honey Don't!,2025,https://boxd.it/aWvwRZ,3,,Alvvays mentioned!! Qualley was great. Sam really liked it,"in theater, cine, w/ sam",2025-09-01
2025-09-02,EO,2022,https://boxd.it/aWA4nx,4,,I would never treat my Stardew Valley animals this way :/,,2025-09-01
2025-09-02,Mountainhead,2025,https://boxd.it/aWFGgT,2.5,,Nightmare blunt rotation. Ending was enjoyable at least but mainly meh,,2025-09-01
2025-09-03,The House,2017,https://boxd.it/aWR6HN,2.5,,"What if we… commit insurance fraud

The movie opened with My House by Flo Rida and I don’t think it was ever able to recover from that",,2025-09-02
2025-09-03,"Night Is Short, Walk On Girl",2017,https://boxd.it/aXiuBN,4,,This was insane. I love alcohol!!,,2025-09-02
2025-09-04,Chungking Express,1994,https://boxd.it/aXPaHd,4,,"Good music. Normalize talking to inanimate objects. 
Happy #WongKarWednesday !!","diskinserted, criterion, wong kar-wednesday",2025-09-03
2025-09-11,Fallen Angels,1995,https://boxd.it/b2iS4t,4,,Unexpected swag,"diskinserted, criterion, wong kar-wednesday",2025-09-10
2025-09-19,Unknown Number: The High School Catfish,2025,https://boxd.it/b6WuQf,,,bruh.,w/ sam,2025-09-18
2025-09-21,Get a Job,2016,https://boxd.it/b7Xl3p,2,,Me fr I need a j*b. Holy cast,w/ sam,2025-09-19
2025-09-26,Superman,2025,https://boxd.it/bb6Sfj,4,Yes,Monkey typing Hamlet,w/ sam,2025-09-25
2025-10-02,Happy Together,1997,https://boxd.it/beQdwR,4.5,,Get a load of these guys,"wong kar-wednesday, diskinserted, criterion",2025-10-01
2025-10-05,Heretic,2024,https://boxd.it/bgJi35,3.5,,Mormons aren’t real. I can get behind a blueberry pie candle though… 🥧😋,w/ sam,2025-10-04
2025-10-06,One Battle After Another,2025,https://boxd.it/bhteOX,4.5,,Jonny Greenwood was my favorite character,"w/ sam, in theater, cine",2025-10-05
2025-10-16,Scary Movie 3,2003,https://boxd.it/bnRRLl,,,Michael Jackson in the big 2025,,2025-10-15
2025-10-20,Spirited Away,2001,https://boxd.it/bqwsT5,5,Yes,Teared up within 0.2 seconds. Ghibli is always a treat in-theater,"in theater, cine",2025-10-19
2025-10-25,Dinner in America,2020,https://boxd.it/btqkJh,4.5,,mac demarco and whack-a-mole :D,,2025-10-24
2025-10-25,Scary Movie 2,2001,https://boxd.it/btEhcR,2,,Average Francis (Malcolm in the Middle) side quest,,2025-10-24
2025-10-25,Taken in Plain Sight,2024,https://boxd.it/btHUWl,1,,Zooey did not even want to be found,w/ fam,2025-10-24
2025-10-27,Let's Start a Cult,2024,https://boxd.it/bvvWmN,3,,Joe Pera!!,,2025-10-26
2025-11-01,Bring Her Back,2025,https://boxd.it/byq8WN,3,,sad on Halloween :(,,2025-10-31
2025-11-01,Talk to Me,2022,https://boxd.it/byALWd,3.5,,Australians are freaky,,2025-10-31
2025-11-04,Abraham Lincoln: Vampire Hunter,2012,https://boxd.it/bAIDqx,2,,lowk better than Lincoln,,2025-11-02
2025-11-06,Companion,2025,https://boxd.it/bClWYb,3.5,Yes,watched with beep boop.,w/ sam,2025-11-05
2025-11-09,Lemonade Mouth,2011,https://boxd.it/bErQsN,,,I was kind of invested though,w/ sam,2025-11-07
2025-11-13,House,1977,https://boxd.it/bHfcPF,4,Yes,hungry hungry piano,"diskinserted, criterion",2025-11-12
2025-11-14,Steve,2025,https://boxd.it/bHOqUz,3.5,,Had to take a whole intermission from this one,,2025-11-13
2025-11-15,Yi Yi,2000,https://boxd.it/bIxVxV,5,,This + Taco Bell got me feeling life is so beautiful and fleeting,"diskinserted, criterion",2025-11-14
2025-11-17,Frances Ha,2012,https://boxd.it/bKauV9,5,Yes,FRANCEs Ha I get it,"diskinserted, criterion",2025-11-16
2025-11-18,Isn't It Romantic,2019,https://boxd.it/bKRJCH,1,,Rebel Wilson is a parking garage,w/ sam,2025-11-17
2025-11-20,Days of Being Wild,1990,https://boxd.it/bM0ReF,3.5,,WKWW we are so back.,"wong kar-wednesday, diskinserted, criterion",2025-11-19
2025-11-22,Wicked: For Good,2025,https://boxd.it/bNlA5n,3,,Movie was alright but the $6 Wicked margs at Chili’s did not disappoint,"in theater, cine, w/ sam",2025-11-21
2025-11-26,Train Dreams,2025,https://boxd.it/bQ0yIx,4.5,,"This captured a lot of what I felt reading Walden for the first time.

Epic and visually stunning. Life is nature and aging and heartbreaking.",,2025-11-25
2025-11-27,"Planes, Trains and Automobiles",1987,https://boxd.it/bQXzL1,5,Yes,Trauma bonding at its finest. Happy Thanksgiving 🦃,w/ fam,2025-11-26
2025-11-28,Die Hard,1988,https://boxd.it/bRuHrp,5,Yes,Watched in honor of my hero Jake Peralta,w/ fam,2025-11-27
2025-11-30,Ma,2019,https://boxd.it/bT1sqB,2.5,,Do NOT let me drink alone 😜,,2025-11-29
2025-12-01,Lady Bird,2017,https://boxd.it/bTNqCV,5,Yes,Every watch I appreciate Jon Brion more,diskinserted,2025-11-30
2025-12-02,Sideways,2004,https://boxd.it/bUrmV5,4.5,,Me with my Winking Owl Pinot Grigio ($4 Aldi wine),diskinserted,2025-12-01
2025-12-08,Garden State,2004,https://boxd.it/bYtXUj,3.5,Yes,kind of terrible but I liked it still,diskinserted,2025-12-07
2025-12-15,Idiocracy,2006,https://boxd.it/c3nWPF,2,Yes,Deserved Fudruckers slander,w/ sam,2025-12-12
2025-12-16,The Hustle,2019,https://boxd.it/c4mzlz,1,,Using REGEXP on js to scrape css metadata? Yeah bro is not getting that VC investment,w/ sam,2025-12-15
2025-12-18,Sentimental Value,2025,https://boxd.it/c5KhdJ,4.5,,So good I can’t wait to watch this not on a plane (shoutout Delta). So excited to be in my childhood home with my sister and dad tomorrow yay!,on plane,2025-12-17
2025-12-18,Magnolia,1999,https://boxd.it/c6a4WN,4.5,,Well I certainly did not expect <i>that. </i>Very special movie with an insane cast and a premise I really liked. It has an incredible pace for a movie of this length that never really slows down.,diskinserted,2025-12-17
2025-12-20,Phantom Thread,2017,https://boxd.it/c7A8az,4,,This is what my NYE party will look like. No mushrooms allowed.,,2025-12-19
2025-12-20,Left-Handed Girl,2025,https://boxd.it/c7EyRx,3,,Accidentally watched the dub and I think it affected my enjoyment of this unfortunately,,2025-12-19
2025-12-21,Jay Kelly,2025,https://boxd.it/c8tA6b,4,,Noah you will always be my goat 🐐,,2025-12-20
2025-12-22,Creating Christmas,2023,https://boxd.it/cancU3,1.5,,birthday watch !!,w/ fam,2025-12-21
2025-12-23,Shrek the Halls,2007,https://boxd.it/cbmeYX,,,"You know what, that was great. Gingerbread men and the three little pigs carried.",w/ fam,2025-12-22
2025-12-24,A Wisconsin Christmas Pie,2025,https://boxd.it/ccv82P,2,,Had some actually interesting moments and loved the unnecessary glazing of a random county. The characters were bots though,w/ fam,2025-12-23
2025-12-26,Deliverance,1972,https://boxd.it/ceUFZD,4,,Hit a little too close to home (30 miles). Oh and Merry Christmas from the family 🎄,w/ fam,2025-12-25
2025-12-27,The Poseidon Adventure,1972,https://boxd.it/cfXpBF,3.5,,"New favorite NYE movie?

A little dated but Gene Hackman really had a way of hyping people up that had me locked in.",w/ fam,2025-12-26
2025-12-28,Caught Stealing,2025,https://boxd.it/cgF0Sf,3,,I demand more Matt Smith,,2025-12-27
2025-12-28,Bullitt,1968,https://boxd.it/chblIJ,3,,cool car chase scene but OBAA clears,w/ fam,2025-12-27
2025-12-29,The Towering Inferno,1974,https://boxd.it/ciqWat,3,,3 hours of Murphy’s Law !!,w/ fam,2025-12-28
2025-12-29,Mommie Dearest,1981,https://boxd.it/ciD93T,3,,Mommie watched too much Fanny and Alexander,w/ fam,2025-12-28
2025-12-30,Rear Window,1954,https://boxd.it/cj1e7T,4,,Lowk me last summer in Midtown,,2025-12-29
2025-12-31,Marty Supreme,2025,https://boxd.it/ckZowN,4.5,,Watching the sperm to ping pong transition was when I knew this was going to be a great movie,"in theater, cine",2025-12-30
2026-01-03,Chinatown,1974,https://boxd.it/cp9MV9,4,,Love a good rabbit hole,diskinserted,2026-01-02
2026-01-03,Citizen Kane,1941,https://boxd.it/cpgNnr,5,Yes,Signor Matiste has so much swag and aura,diskinserted,2026-01-02
2026-01-04,Hamnet,2025,https://boxd.it/cqzlzr,4.5,,Wow what a sad year for twins in movies :(,"in theater, cine",2026-01-03
2026-01-05,The Naked Gun,2025,https://boxd.it/crEkLb,4,,I had five more that day… 🌭,,2026-01-04
2026-01-05,Ocean's Eleven,2001,https://boxd.it/cs6c6Z,4,Yes,this one's for the fellas.,diskinserted,2026-01-04
2026-01-05,The Apartment,1960,https://boxd.it/csxVc3,5,,Don't be a doormat C.C. !!!,,2026-01-04
2026-01-06,Some Like It Hot,1959,https://boxd.it/ctn6n9,5,,I love you trans icon Jack Lemmon,,2026-01-05
2026-01-06,"Paris, Texas",1984,https://boxd.it/ctFKx5,4.5,,"Like Perfect Days, the slow pacing wore me down until something just clicked- a feeling of melancholy,  tragedy, and distance that’s hard to describe but you know it’s special.",,2026-01-05
2026-01-06,The Hudsucker Proxy,1994,https://boxd.it/ctOYzR,4,,"I acknowledge the In A Sentimental Mood needle drop and I demand more Coltrane & Ellington songs in movies.

I also love random supernatural twists at the end (looking at you The Curse). Yay corporate America!!",,2026-01-05
2026-01-07,The Big Lebowski,1998,https://boxd.it/cuMwqd,4.5,Yes,They would’ve hated Billy May Dempsey and Rick Kenmore,diskinserted,2026-01-06
2026-01-08,Scott Pilgrim vs. the World,2010,https://boxd.it/cvLMBX,5,Yes,lowk first time watching directors commentary of anything,diskinserted,2026-01-07
2026-01-08,Scott Pilgrim vs. the World,2010,https://boxd.it/cvZ6VJ,5,Yes,"Watched (mainly listened to) the cast commentary this time lol. Was like watching with a group of friends, very fun. Kieran is a treasure.",diskinserted,2026-01-07
2026-01-11,The Secret Agent,2025,https://boxd.it/czqmVr,4,,The straw man in the red mask will be in my nightmares tonight 👺,"in theater, cine",2026-01-10
2026-01-16,No Other Choice,2025,https://boxd.it/cESTrv,4.5,,The dogs listening to cello was so adorable while the rest of the movie I was tweaking. Interviewing is hard!!,in theater,2026-01-15
2026-01-25,Bugonia,2025,https://boxd.it/cOiS7d,4.5,,invitro babies RISE!,w/ sam,2026-01-24
2026-01-27,Amish Stud: The Eli Weaver Story,2023,https://boxd.it/cQE2Jh,1.5,,Flattening ye olde curve,w/ sam,2026-01-26
2026-02-01,Paprika,2006,https://boxd.it/cVPxhv,4,,Wait this kinda reminds me of that one Japanese Breakfast song…,,2026-01-31
2026-02-02,The Apprentice,2024,https://boxd.it/cXa9tX,3.5,,lowkey a tragic coming of age romance,,2026-02-01
2026-02-04,Send Help,2026,https://boxd.it/cYPgnX,3,,Rachel McAdams I would never underestimate you,"w/ sam, in theater",2026-02-03
2026-02-11,Sentimental Value,2025,https://boxd.it/d55Mzx,4.5,Yes,Labi Siffre on repeat now 🗣️‼️,"w/ sam, cine, in theater",2026-02-10
2026-02-15,Labyrinth,1986,https://boxd.it/d8ALWz,,,Crazy Valentines day watch ❤️‍🔥,w/ sam,2026-02-14
2026-02-16,The Perfect Date,2019,https://boxd.it/d9ICID,1.5,,Where da plunger ?!?!,w/ sam,2026-02-15
2026-02-19,If I Had Legs I'd Kick You,2025,https://boxd.it/dcAUrL,4,,HARD watch when Conan can't even be a little silly,,2026-02-18
2026-02-23,Perfect Blue,1997,https://boxd.it/dgC7XD,5,,"Perfect? Yes.
Blue? Not as much as you'd think.",,2026-02-22
2026-03-09,Nirvanna the Band the Show the Movie,2025,https://boxd.it/drYKnH,5,,5 star movies 🤝 Waters of March cover,"w/ sam, cine, in theater",2026-03-08
2026-03-11,Nirvana the Band the Show,2007,https://boxd.it/dtn8y7,4,,web series ‼️,,2026-03-10
2026-03-11,Ready or Not,2019,https://boxd.it/dtvg3H,2.5,,Red wedding,w/ sam,2026-03-10
2026-03-11,Together,2025,https://boxd.it/dtyA6x,4.5,Yes,Get up babe it’s fusin’ time,w/ sam,2026-03-10
2026-03-12,127 Hours,2010,https://boxd.it/dtOgHl,3,,Aron and the rock have insane in-yun,w/ sam,2026-03-11
2026-03-13,Hot Rod,2007,https://boxd.it/duCTw7,5,Yes,my safe word will be hhwhiskey.,,2026-03-12
2026-03-14,Zootopia 2,2025,https://boxd.it/dvHnPb,3.5,,hmm maybe we shouldn’t deport people 🤔,w/ sam,2026-03-13
2026-03-15,The Wrong Paris,2025,https://boxd.it/dwFOBP,2,,Reminds me of that one Wim Wenders flick,w/ sam,2026-03-14
2026-03-23,Bodies Bodies Bodies,2022,https://boxd.it/dDOh6l,3,Yes,Unexpected Connor O’Malley. I fear this is inevitable to every large friend group,w/ sam,2026-03-22
2026-03-24,BS High,2023,https://boxd.it/dEPV7T,3,,This guy definitely dropships,,2026-03-23
2026-03-25,Mercy,2026,https://boxd.it/dF8E4B,1.5,,"You should've picked Mercy
You should've picked any kind of support
We ended up losin', and it's all your fault
You should learn how this game works",,2026-03-24
2026-03-25,Project Hail Mary,2026,https://boxd.it/dFEmXH,4,,A little cheesy at times but idc. Great adaptation of one of my favorite books so hard to not love.,"in theater, w/ sam, book",2026-03-24
2026-03-30,The Shuffle,2025,https://boxd.it/dKguTF,2,,I really needed a vibe change after today's watches 😭,,2026-03-29
2026-03-31,Hoppers,2026,https://boxd.it/dL6qy3,4,,so refreshing and original plus I love beavers I wore my beaver hat to the theater,"in theater, w/ fam",2026-03-30
2026-04-02,Roofman,2025,https://boxd.it/dMPyNz,3.5,,gotta love those Red Lobster cheddar biscuits,,2026-04-01
2026-04-03,Blackfish,2013,https://boxd.it/dNQw99,3.5,,This was so sad…. anyway let’s go ‘nucks!!,w/ fam,2026-04-02
2026-04-04,Pizza Movie,2026,https://boxd.it/dOcd3l,1.5,,Only stars for Mrs. Sherman,,2026-04-03
2026-04-04,Is This Thing On?,2025,https://boxd.it/dOi3Cd,3.5,,cant wait to re-watch this in 20 years. huge for Smartless and Bojack fans,,2026-04-03
2026-04-05,The Dirties,2013,https://boxd.it/dQ2mbL,3.5,,The way this ended and YouTube autoplaying GMM was wild,,2026-04-04
2026-04-06,Operation Avalanche,2016,https://boxd.it/dR9nFl,3.5,,Catfish Hunter mention!! ⚾️,,2026-04-05
2026-04-06,BlackBerry,2023,https://boxd.it/dRe0Ql,4,,Gary Bettman mention!! 🏒,,2026-04-05
2026-04-07,The Drama,2026,https://boxd.it/dSc4NZ,4,,ok drama queen,"w/ sam, in theater, cine",2026-04-06
2026-04-07,Blue Moon,2025,https://boxd.it/dSgmtB,3.5,,Ethan Hawke all-time yearning performance,,2026-04-06
2026-04-08,Untold: Chess Mates,2026,https://boxd.it/dT4juV,2,,So unnecessary and not enough chess :/ ♟️,,2026-04-07
2026-04-17,Frances Ha,2012,https://boxd.it/e0mFir,5,Yes,"Me and @case fr

YO, PATCHES!",,2026-04-16
2026-04-27,Roommates,2026,https://boxd.it/e81q9z,2,,Erin Brockovich mention. At least the music was good,,2026-04-26
2026-05-02,The Devil Wears Prada 2,2026,https://boxd.it/ec5ah7,2.5,,Epic bjork shirt,"in theater, cine, friends",2026-05-01
2026-05-05,Smiley Face,2007,https://boxd.it/ef2Byb,4,,President Garfield portrait would go hard highkey,,2026-05-04
2026-05-05,The Running Man,2025,https://boxd.it/ef7dW9,3.5,,Too many Gooners,book,2026-05-04
2026-05-06,Triangle of Sadness,2022,https://boxd.it/efkp4T,3.5,,performative Ulysses reading,,2026-05-05
